ds,yhat,yhat_lower,yhat_upper,SKU
2017-12-22,-0.1905671037215182,-0.9609938191495606,0.7328415658469507,OFF-PA-10001970
2017-12-29,-0.2388098508723333,-1.1556359953212434,0.6844112415606122,OFF-PA-10001970
2017-12-31,5.072368938747326,4.287369714312042,6.011258389813522,OFF-PA-10001970
2018-01-07,5.099767771834769,4.296367921495679,5.96459221685249,OFF-PA-10001970
2018-01-14,5.066826947699299,4.259343684884721,5.886248491923341,OFF-PA-10001970
2017-12-22,0.015428253039611928,-0.6161875637686715,0.5931104687694495,TEC-AC-10003832
2017-12-29,0.03889542499399434,-0.5878525589828419,0.6959577315862637,TEC-AC-10003832
2017-12-31,3.1215108210091653,2.46762090304149,3.8209841568791205,TEC-AC-10003832
2018-01-07,3.1610041504584214,2.5276847542886007,3.8001381991789835,TEC-AC-10003832
2018-01-14,3.172188737009497,2.549382156733841,3.76680152863058,TEC-AC-10003832
2017-12-22,0.04091446119472897,-0.7219769245359747,0.6984533467499311,FUR-FU-10004270
2017-12-29,-0.2053345283414727,-0.8838292497733607,0.5614380416223375,FUR-FU-10004270
2017-12-31,2.5527491386305456,1.8429953270340287,3.2996820541046032,FUR-FU-10004270
2018-01-07,2.6760163668262766,1.96566943085426,3.370066835405509,FUR-FU-10004270
2018-01-14,2.8520810902126787,2.144973958785422,3.6082043438786977,FUR-FU-10004270
2017-12-22,-0.08919190578713954,-0.48877368253558573,0.2942341342891466,TEC-AC-10003628
2017-12-29,-0.17523317793035487,-0.5741908209389308,0.22068261465201336,TEC-AC-10003628
2017-12-31,1.302490632908202,0.8961261156749193,1.7126010511026732,TEC-AC-10003628
2018-01-07,1.3404085286265714,0.9648402871337834,1.7572005845041048,TEC-AC-10003628
2018-01-14,1.4515905349091591,1.052554277408002,1.872498650045221,TEC-AC-10003628
2017-12-22,0.2114703805271625,-0.8272531352416387,1.400409447169907,FUR-CH-10002647
2017-12-29,0.2764858087825446,-0.79968573130584,1.3937654291405461,FUR-CH-10002647
2017-12-31,2.886427404270017,1.8467208636958101,4.079895123175675,FUR-CH-10002647
2018-01-07,2.8418355194410703,1.681717375247994,3.9968765274301723,FUR-CH-10002647
2018-01-14,2.7765536658937218,1.6091833595215324,3.873626926445225,FUR-CH-10002647
2017-12-25,3.4805164539496674,3.0582218674317745,3.912475720463041,FUR-CH-10001146
2017-12-29,0.20474644494949867,-0.22070862098787497,0.6380635895113556,FUR-CH-10001146
2017-12-31,2.668613942698397,2.234707703650554,3.0763103170594044,FUR-CH-10001146
2018-01-07,2.5556600243615595,2.1041508818587467,2.986728006474451,FUR-CH-10001146
2018-01-14,2.4275026009811675,1.9898091964397986,2.831899713452032,FUR-CH-10001146
2017-12-23,4.018862713324565,3.0328013375876424,5.05798456276411,FUR-FU-10001473
2017-12-29,0.5076429242786689,-0.48359485337820596,1.4526192049973605,FUR-FU-10001473
2017-12-31,5.47829909010155,4.462106846467586,6.48070067150106,FUR-FU-10001473
2018-01-07,5.41979733191066,4.45913725984857,6.467591787554758,FUR-FU-10001473
2018-01-14,5.1386077331390005,4.131947775666746,6.202303726710595,FUR-FU-10001473
2017-12-22,0.12763201212734376,-0.33309521060793484,0.5574451782107339,FUR-CH-10003774
2017-12-29,-0.03498286837156561,-0.4537582124400364,0.427050141366511,FUR-CH-10003774
2017-12-31,4.371320182392552,3.8905691345504367,4.84000884395607,FUR-CH-10003774
2018-01-07,4.251768985308863,3.795958958859789,4.727233638598579,FUR-CH-10003774
2018-01-14,4.249354458283148,3.7968718533552805,4.686142861534972,FUR-CH-10003774
2017-12-29,0.40407022117390845,-0.15331872407704905,0.9725097559733238,FUR-CH-10002880
2017-12-29,0.40407022117390845,-0.18089682566102086,0.985493275805019,FUR-CH-10002880
2017-12-31,8.670593851227078,8.12288910018698,9.232228413852495,FUR-CH-10002880
2018-01-07,8.52980230268506,7.972274776812875,9.131798167262597,FUR-CH-10002880
2018-01-14,8.313960667803189,7.758661390746212,8.862408150626303,FUR-CH-10002880
2017-12-22,-0.18851622988493233,-0.7527074429123304,0.36180165481664484,OFF-BI-10001524
2017-12-29,-0.09562640819723178,-0.6547071753070528,0.46692959888118957,OFF-BI-10001524
2017-12-31,4.282526752284343,3.708957717703958,4.822115501775194,OFF-BI-10001524
2018-01-07,4.458780837317172,3.8816706410906514,4.976883646049296,OFF-BI-10001524
2018-01-14,4.53840781937453,4.016098834202799,5.108061473213936,OFF-BI-10001524
2017-12-22,0.055407284031463,-0.6884695926000094,0.7747300981084498,TEC-AC-10002049
2017-12-29,0.1359431681086889,-0.5676299203871202,0.9053350245154267,TEC-AC-10002049
2017-12-31,3.1896423457642658,2.4604836852613183,3.958766635714067,TEC-AC-10002049
2018-01-07,3.098758293184624,2.353140533102966,3.868180442375837,TEC-AC-10002049
2018-01-14,3.020226003996043,2.2869411838861904,3.737761888413533,TEC-AC-10002049
2017-12-22,0.16848759371591493,-0.7563535501208678,1.0467737250120432,OFF-BI-10002026
2017-12-29,0.09566203772185444,-0.8143662422791937,0.9977151808788621,OFF-BI-10002026
2017-12-31,4.062576030270667,3.1389083385670893,4.944943700305123,OFF-BI-10002026
2018-01-07,4.072704196108831,3.1503537122069805,5.040478942634806,OFF-BI-10002026
2018-01-14,4.095590349895734,3.2256978143473023,4.976562353907254,OFF-BI-10002026
2017-12-29,-0.25721645098043044,-0.5390169617141165,0.011427733711843852,OFF-BI-10004632
2017-12-30,2.41197788974683,2.132259168554577,2.712156093863137,OFF-BI-10004632
2017-12-31,4.3067983441117565,4.031630470455725,4.592794701681523,OFF-BI-10004632
2018-01-07,4.388139761975632,4.11681813293454,4.6603272626734515,OFF-BI-10004632
2018-01-14,4.488730891282631,4.2065119852069355,4.757546168778465,OFF-BI-10004632
2017-12-22,0.00617577651292045,-0.725255238261362,0.7567966388461336,OFF-PA-10002377
2017-12-29,0.15704933766569207,-0.6585494293039119,0.9334804804244006,OFF-PA-10002377
2017-12-31,3.2201453373289737,2.4607625721188837,4.072013873126719,OFF-PA-10002377
2018-01-07,3.284405487580581,2.4937652245606126,4.057264257793779,OFF-PA-10002377
2018-01-14,3.246721302677318,2.490236663062427,4.042653856004328,OFF-PA-10002377
2017-12-22,0.0909065027307463,-0.816343698206835,0.8771582023902122,TEC-AC-10003038
2017-12-29,0.1478976299440138,-0.713575472328992,0.9259057343030266,TEC-AC-10003038
2017-12-31,2.9501350813538987,2.0956547320424384,3.74262191680777,TEC-AC-10003038
2018-01-07,2.9549365942392978,2.1962691717865717,3.7882969397495745,TEC-AC-10003038
2018-01-14,2.893270056766122,2.125956641752166,3.737954799819434,TEC-AC-10003038
2017-12-22,0.0587720195442083,-0.5924780245998074,0.7224409644655113,OFF-BI-10004970
2017-12-29,0.05352276652415444,-0.602117883273721,0.745827343266936,OFF-BI-10004970
2017-12-31,5.987273695924493,5.353081030536344,6.660683874103102,OFF-BI-10004970
2018-01-07,6.031435849027108,5.36688013086517,6.722391108758126,OFF-BI-10004970
2018-01-14,6.080063354145263,5.377181870602903,6.71962717331393,OFF-BI-10004970
2017-12-22,-0.09277707672002489,-0.8982739824396347,0.7233814901799774,FUR-CH-10004287
2017-12-29,-0.0715892231466233,-0.9609421755704086,0.7864376853403332,FUR-CH-10004287
2017-12-31,4.123838674388702,3.3216361130639673,4.961124055579025,FUR-CH-10004287
2018-01-07,4.065753953418161,3.2358177232657686,4.938015909475531,FUR-CH-10004287
2018-01-14,3.972485861530341,3.113404860462496,4.8417126638807515,FUR-CH-10004287
2017-12-22,-0.05473246088211914,-0.7560759605602815,0.6217858284250989,OFF-BI-10000145
2017-12-29,-0.038868959282570614,-0.7708230550442642,0.640927776333285,OFF-BI-10000145
2017-12-31,1.2475298269015462,0.5087020015935186,1.9692146661149503,OFF-BI-10000145
2018-01-07,1.2323408709547201,0.5347964412294411,1.965051938387876,OFF-BI-10000145
2018-01-14,1.1913981644851623,0.46870033774055064,1.9342368573207023,OFF-BI-10000145
2017-12-22,-0.0029325842206771036,-0.6826677428401782,0.6546135566220868,OFF-ST-10001490
2017-12-29,-0.03689482728714388,-0.7049157486820674,0.5983607092223344,OFF-ST-10001490
2017-12-31,2.74282738785715,2.1127345107012303,3.40614650243219,OFF-ST-10001490
2018-01-07,2.7597924647057677,2.0523459530010153,3.4261422330942346,OFF-ST-10001490
2018-01-14,2.8118011635658386,2.140068968879568,3.452467320937252,OFF-ST-10001490
2017-12-22,0.08209250820992375,-0.9741646476718627,1.0660500759043046,OFF-BI-10004728
2017-12-29,0.48978189020307994,-0.46907507731813586,1.469153611925249,OFF-BI-10004728
2017-12-31,5.9300241502312865,4.913412426220742,6.873689184025856,OFF-BI-10004728
2018-01-07,6.022543839836898,5.0489227248096284,6.964843351986079,OFF-BI-10004728
2018-01-14,5.80151517687038,4.840864275298112,6.770779597364724,OFF-BI-10004728
2017-12-22,-0.14628709816604024,-0.37978479158205564,0.0913704253010777,OFF-BI-10000977
2017-12-29,-0.07901538162950184,-0.31143839337107215,0.1574754524346866,OFF-BI-10000977
2017-12-31,3.2918606876191365,3.0606817297077438,3.5249783898790508,OFF-BI-10000977
2018-01-07,3.370120181185703,3.133045015579474,3.593426575133574,OFF-BI-10000977
2018-01-14,3.3823815963296555,3.1482911430234375,3.624360425776613,OFF-BI-10000977
2017-12-22,0.11123845258812182,-0.20641523396848666,0.42165900377439547,OFF-BI-10000301
2017-12-29,0.1283440246591252,-0.214617809444596,0.4754379124777214,OFF-BI-10000301
2017-12-31,4.143247855978335,3.8036072284555855,4.492876806706477,OFF-BI-10000301
2018-01-07,4.065508115999263,3.7267934033433017,4.429922705502695,OFF-BI-10000301
2018-01-14,4.046534322372355,3.7113851977970054,4.406537784193608,OFF-BI-10000301
2017-12-22,0.030638290578505867,-0.3919189870895665,0.5054040192861085,OFF-BI-10004140
2017-12-29,0.028271994231678477,-0.39140581606753233,0.44481925401395517,OFF-BI-10004140
2017-12-31,1.9745894258347356,1.5382710336783965,2.443420887216155,OFF-BI-10004140
2018-01-07,1.9624678611869082,1.5039508200704839,2.386423711242283,OFF-BI-10004140
2018-01-14,1.9638708738310493,1.5248824532453464,2.407564911473057,OFF-BI-10004140
2017-12-22,-0.0560241009650948,-0.5014558966624881,0.3959490703012106,OFF-LA-10001613
2017-12-29,0.021319746538231765,-0.4208201569388367,0.47461345466741034,OFF-LA-10001613
2017-12-31,2.5713647508754125,2.0695404610132546,3.0598111039800857,OFF-LA-10001613
2018-01-07,2.7776808393191734,2.3665646192682726,3.243914666850622,OFF-LA-10001613
2018-01-14,2.9822097560318834,2.5365383560036565,3.438242052717628,OFF-LA-10001613
2017-12-22,0.10983279988407446,-1.241182135069279,1.3188236319294535,FUR-TA-10001095
2017-12-29,0.12896990182542023,-1.2080736505315344,1.4062978853203891,FUR-TA-10001095
2017-12-31,4.261732110136354,2.930214581070945,5.516262595302015,FUR-TA-10001095
2018-01-07,4.326924991862322,3.0950510503160347,5.712986800997054,FUR-TA-10001095
2018-01-14,4.391735223080907,3.1473020582590374,5.615450287625639,FUR-TA-10001095
2017-12-22,0.22591253290171665,-0.6079048945455334,1.077962246936115,FUR-FU-10004864
2017-12-29,-0.19400347881960744,-1.037462024698338,0.6272779806653704,FUR-FU-10004864
2017-12-31,1.6741979249415917,0.8650724592651106,2.485549495806428,FUR-FU-10004864
2018-01-07,1.6894746927233124,0.8500277971462189,2.4566151731902823,FUR-FU-10004864
2018-01-14,1.873299407777694,1.0430891635530737,2.6931266998649366,FUR-FU-10004864
2017-12-22,0.10612729051097647,-0.5043841143991041,0.7669278436267161,OFF-PA-10000357
2017-12-29,0.11065888823166725,-0.4874609875039655,0.7609459077185454,OFF-PA-10000357
2017-12-31,4.978741546871586,4.41135240340514,5.656257353737203,OFF-PA-10000357
2018-01-07,4.8659651840050095,4.2921501966698985,5.448305157813489,OFF-PA-10000357
2018-01-14,4.822473088526496,4.204395292086809,5.415096977380778,OFF-PA-10000357
2017-12-22,-0.021409078250374858,-0.5279557603477333,0.5125676658447669,OFF-ST-10003716
2017-12-29,0.03741722662036917,-0.5020733629391522,0.5762819456888175,OFF-ST-10003716
2017-12-31,3.748209761760326,3.1932271511172408,4.2837576630890215,OFF-ST-10003716
2018-01-07,3.714452733072304,3.2064425363334266,4.2169524331486095,OFF-ST-10003716
2018-01-14,3.6209729916740687,3.0717767957244426,4.069184783187542,OFF-ST-10003716
2017-12-22,-0.06876071777093484,-0.8897096229746977,0.7658411624664971,TEC-AC-10004510
2017-12-29,0.03653695756081232,-0.7606017406103608,0.9071754815919219,TEC-AC-10004510
2017-12-31,2.9810705743815884,2.1403568608234274,3.7451121494115025,TEC-AC-10004510
2018-01-07,3.0712492690929274,2.2519498898974692,3.9110595480217856,TEC-AC-10004510
2018-01-14,3.0579793969701745,2.2933145526358274,3.8765764749979943,TEC-AC-10004510
2017-12-22,-0.26293125195407674,-0.7348493032167736,0.20579274057338984,OFF-BI-10003291
2017-12-29,-0.19862767729981323,-0.6456073155777291,0.22249805094205594,OFF-BI-10003291
2017-12-31,5.992971369313821,5.553714459464603,6.459936192294265,OFF-BI-10003291
2018-01-07,6.145059219800636,5.713289545711159,6.612920506319679,OFF-BI-10003291
2018-01-14,6.226495113098506,5.828369494182805,6.676945372800573,OFF-BI-10003291
2017-12-22,-0.15117102150426165,-0.7000455219068303,0.37297845894932397,OFF-BI-10002012
2017-12-29,-0.0059694186258321125,-0.5513893153119216,0.5488095123997954,OFF-BI-10002012
2017-12-31,2.051562186996394,1.5148171182613153,2.575845794578457,OFF-BI-10002012
2018-01-07,2.0714757455349027,1.5673160663520718,2.60063493747512,OFF-BI-10002012
2018-01-14,1.9900390603614886,1.4636757990547067,2.5201315702316527,OFF-BI-10002012
2017-12-25,4.591644151573157,3.848480646451323,5.376707829544657,OFF-BI-10001597
2017-12-29,0.11017076413788107,-0.6544881829259966,0.8795748817731925,OFF-BI-10001597
2017-12-31,3.088224567253593,2.321477168490107,3.8590524659592096,OFF-BI-10001597
2018-01-07,3.1924702554093605,2.48438277768843,3.9558907934750382,OFF-BI-10001597
2018-01-14,3.092700527062456,2.349693675638539,3.8480322960376045,OFF-BI-10001597
2017-12-22,-0.036703030552749816,-0.26218335525247394,0.18418971573707035,OFF-BI-10001658
2017-12-29,-0.06968076773973486,-0.2880769140516582,0.1450203466846814,OFF-BI-10001658
2017-12-31,5.424341382478552,5.188288405786252,5.653932767071524,OFF-BI-10001658
2018-01-07,5.47719849624857,5.226650611805158,5.684195546710866,OFF-BI-10001658
2018-01-14,5.550423039250408,5.336411483879305,5.773545409102737,OFF-BI-10001658
2017-12-22,-0.06505937242917215,-0.4912378268741317,0.35805688521003326,OFF-PA-10002195
2017-12-29,-0.09711526042935592,-0.5002159296058388,0.32575190596065945,OFF-PA-10002195
2017-12-31,2.852858367046318,2.4156340465476553,3.287761257358291,OFF-PA-10002195
2018-01-07,2.867770095274939,2.436051363700843,3.2690895934782978,OFF-PA-10002195
2018-01-14,2.885026622169505,2.4894419928770977,3.3025754318432616,OFF-PA-10002195
2017-12-22,0.35811098136769415,-0.4773073331131873,1.197895712082196,OFF-BI-10000343
2017-12-29,0.5074996397035116,-0.29774354668411673,1.2683491885691907,OFF-BI-10000343
2017-12-31,7.826606470480519,6.965990399992018,8.62570113997568,OFF-BI-10000343
2018-01-07,7.786159342108716,6.953451591960477,8.645766261639888,OFF-BI-10000343
2018-01-14,7.563874472363073,6.759371571603036,8.371984924445794,OFF-BI-10000343
2017-12-28,0.9447645421074098,0.13112833805851104,1.7959564383424789,OFF-ST-10000736
2017-12-29,-0.057366268968834344,-0.8919972997136765,0.7193057170299477,OFF-ST-10000736
2017-12-31,2.4004378722803335,1.613137965141772,3.164987776257587,OFF-ST-10000736
2018-01-07,2.3852144945978604,1.5612944943890426,3.159748679220006,OFF-ST-10000736
2018-01-14,2.381644901989889,1.5698059529444426,3.1973182942387512,OFF-ST-10000736
2017-12-28,6.263983033061766,5.592658187186223,6.862031307735473,OFF-ST-10003208
2017-12-29,-0.06775965428927799,-0.7271443713549854,0.6234512763805073,OFF-ST-10003208
2017-12-31,2.23805276896836,1.5687744699897976,2.882648721339415,OFF-ST-10003208
2018-01-07,2.241673315886704,1.5995163614827974,2.9045432293611086,OFF-ST-10003208
2018-01-14,2.3743828938011315,1.7492221026067933,3.044482788242859,OFF-ST-10003208
2017-12-22,0.005850637713073592,-0.3732405030438034,0.37755538020919766,FUR-FU-10004973
2017-12-29,-0.04971448626193631,-0.47541668699250206,0.3600212431880181,FUR-FU-10004973
2017-12-31,7.427777943662538,6.995003982739693,7.835617039797546,FUR-FU-10004973
2018-01-07,7.332278997838301,6.933220430487281,7.770036123112556,FUR-FU-10004973
2018-01-14,7.264800230109767,6.818839694004947,7.654970456911507,FUR-FU-10004973
2017-12-22,-0.10085084288825774,-0.692384372252443,0.5229334594231211,OFF-PA-10000474
2017-12-29,0.04344094011084643,-0.5354270742613905,0.6288452009030482,OFF-PA-10000474
2017-12-31,3.1093020474722146,2.4872585918522447,3.6511373738925847,OFF-PA-10000474
2018-01-07,3.21593810688587,2.616865561076293,3.8044620071649438,OFF-PA-10000474
2018-01-14,3.156892550696317,2.563313965711863,3.711194448091781,OFF-PA-10000474
2017-12-22,-0.06199687878574878,-0.26627055254788945,0.1622229868870101,OFF-BI-10004364
2017-12-29,-0.08160801845857257,-0.31122206645536893,0.14407533110719717,OFF-BI-10004364
2017-12-31,2.5612865612864524,2.3339606800007835,2.7730594408413682,OFF-BI-10004364
2018-01-07,2.6148150354430295,2.4191765061319757,2.84468625555619,OFF-BI-10004364
2018-01-14,2.7083938569763184,2.4908531725086065,2.934880047193936,OFF-BI-10004364
2017-12-22,-0.24381047123532618,-0.9147741994772489,0.48676044456154344,OFF-BI-10003676
2017-12-29,-0.3251451363348834,-1.0257237061662137,0.3859637672760533,OFF-BI-10003676
2017-12-31,6.131900535991765,5.490425751104274,6.849190562762944,OFF-BI-10003676
2018-01-07,6.288124844043798,5.581285993673917,6.920537081034027,OFF-BI-10003676
2018-01-14,6.5321368021514274,5.847648235294082,7.176398641103801,OFF-BI-10003676
2017-12-22,0.05165829160218838,-0.5928006989773207,0.7328654438202789,FUR-CH-10000454
2017-12-29,0.010031393133361988,-0.5629495416984307,0.6372806148547663,FUR-CH-10000454
2017-12-31,5.099108420704973,4.535866577890047,5.739727853125778,FUR-CH-10000454
2018-01-07,5.166816318608292,4.505801130645392,5.776257723373886,FUR-CH-10000454
2018-01-14,5.195117354254872,4.6105047088508915,5.788949617353595,FUR-CH-10000454
2017-12-22,-0.12928660662323654,-0.643533472978224,0.36096409660566736,OFF-BI-10000546
2017-12-29,-0.05542769355952748,-0.5887611746281392,0.4313564702425443,OFF-BI-10000546
2017-12-31,4.935490232587655,4.391224839780589,5.453662250795057,OFF-BI-10000546
2018-01-07,4.983617156365996,4.4653153805904395,5.519866396894782,OFF-BI-10000546
2018-01-14,4.9543054709540915,4.457609737916926,5.474535518363022,OFF-BI-10000546
2017-12-22,-0.09489936980034575,-0.48252406221090005,0.2550224376792868,FUR-FU-10002364
2017-12-29,0.06281882324436561,-0.29054202492702935,0.417904285965905,FUR-FU-10002364
2017-12-31,2.6638528871119656,2.306248952811336,3.0246008646402283,FUR-FU-10002364
2018-01-07,2.657843825164373,2.3120740846811754,3.0484966513345237,FUR-FU-10002364
2018-01-14,2.5481683712423937,2.1915103354907104,2.9009226292690458,FUR-FU-10002364
2017-12-22,-0.04491355003614261,-0.7137619594382998,0.6264914614924536,FUR-FU-10004848
2017-12-29,-0.05223898262671289,-0.6770455563966286,0.5988373140816696,FUR-FU-10004848
2017-12-31,1.9132097610107592,1.2377682226242965,2.6004210198967344,FUR-FU-10004848
2018-01-07,1.9725082984568039,1.2778686637405607,2.6285732414355167,FUR-FU-10004848
2018-01-14,1.9966595659886301,1.3076448167782309,2.6617591739434947,FUR-FU-10004848
2017-12-25,2.6523785149368657,1.7921738517550776,3.494386003970766,OFF-ST-10000563
2017-12-29,0.47124683550612145,-0.3774280337996207,1.3184991315691232,OFF-ST-10000563
2017-12-31,3.213730876983485,2.3990149469095314,4.024125779939368,OFF-ST-10000563
2018-01-07,2.961419103084188,2.095743698928007,3.8005131475450287,OFF-ST-10000563
2018-01-14,2.7383888930951064,1.8298054677339284,3.5800610215062605,OFF-ST-10000563
2017-12-22,0.03525004786871566,-0.6061417096329903,0.6261839687540457,OFF-LA-10003510
2017-12-29,-0.04668295106765319,-0.672615385522565,0.5716646220591416,OFF-LA-10003510
2017-12-31,4.843504816512101,4.246342140297948,5.453777607842709,OFF-LA-10003510
2018-01-07,4.821837089179613,4.221103854529634,5.378445472348077,OFF-LA-10003510
2018-01-14,4.853382125659249,4.214564079635985,5.451371027297796,OFF-LA-10003510
2017-12-22,-0.20273221068265368,-0.867794441101096,0.4740581736612001,TEC-AC-10002323
2017-12-29,-0.16173237015410846,-0.8746889553660259,0.48275407156487987,TEC-AC-10002323
2017-12-31,1.555657655063221,0.8894250061231262,2.199026451466236,TEC-AC-10002323
2018-01-07,1.6653636236756244,0.9709325623767171,2.388523037479288,TEC-AC-10002323
2018-01-14,1.7143149025900002,1.0420612491861876,2.418829491938415,TEC-AC-10002323
2017-12-22,-0.12670605233736332,-0.4004801199200863,0.16182979672637182,FUR-CH-10002965
2017-12-29,-0.13346761126725326,-0.43369581225182896,0.1512204018978139,FUR-CH-10002965
2017-12-31,5.838578902691811,5.561263239593635,6.12489120541783,FUR-CH-10002965
2018-01-07,5.910110891789392,5.619770066155213,6.195002079841088,FUR-CH-10002965
2018-01-14,5.930542402196564,5.640617281197045,6.221584944011502,FUR-CH-10002965
2017-12-29,0.7956558460651422,0.03350940525093292,1.572521997195661,FUR-CH-10002602
2017-12-29,0.7956558460651422,0.01635943120026579,1.5592879188611453,FUR-CH-10002602
2017-12-31,2.825155253457126,2.0494039344108645,3.6024458161634767,FUR-CH-10002602
2018-01-07,2.662020247843536,1.8177639409519353,3.43166790192498,FUR-CH-10002602
2018-01-14,2.3573830360805883,1.6046150225460436,3.070402007794886,FUR-CH-10002602
2017-12-22,-0.06733288141929572,-0.688717359898832,0.5922415790872045,FUR-CH-10000785
2017-12-29,0.058739111591552096,-0.565622989329771,0.6865312021247967,FUR-CH-10000785
2017-12-31,4.104478430225379,3.473226889343028,4.692156089780337,FUR-CH-10000785
2018-01-07,4.277399288200202,3.6400681272432593,4.891492073548175,FUR-CH-10000785
2018-01-14,4.386487608698314,3.7891872222412215,4.968772536035987,FUR-CH-10000785
2017-12-22,0.10477248388429627,-0.24697403560194858,0.45949900644892866,OFF-BI-10003707
2017-12-29,0.14256164775406033,-0.2290191647318899,0.5138204902666038,OFF-BI-10003707
2017-12-31,4.393245525697187,4.028834370194666,4.759270900910931,OFF-BI-10003707
2018-01-07,4.39036627500831,4.025700318864998,4.76269980845782,OFF-BI-10003707
2018-01-14,4.326051854510384,3.9651597896859982,4.733198252792942,OFF-BI-10003707
2017-12-22,0.6216599440158004,-0.22908070969015445,1.5426035530788418,OFF-ST-10001809
2017-12-29,0.21512584002007307,-0.7397108051650254,1.0355305210043866,OFF-ST-10001809
2017-12-31,4.532364821196147,3.685561403042305,5.450481909772286,OFF-ST-10001809
2018-01-07,4.224564221813289,3.376654981650061,5.0625811874112685,OFF-ST-10001809
2018-01-14,4.194358540004473,3.3593746117776355,5.07122961133782,OFF-ST-10001809
2017-12-25,6.955709452885117,6.579677652127231,7.317569689664035,TEC-AC-10002473
2017-12-29,0.04819927995870987,-0.332198214308933,0.4313587740371345,TEC-AC-10002473
2017-12-31,2.107680744300924,1.7387605730451479,2.4599944694350313,TEC-AC-10002473
2018-01-07,2.098038907077701,1.7438710175679935,2.474593351522813,TEC-AC-10002473
2018-01-14,2.022638342248727,1.63252168385868,2.4176697161063747,TEC-AC-10002473
2017-12-25,0.9708109758101378,-0.0034438770598018862,1.828200503152632,OFF-BI-10000632
2017-12-29,0.042439052238401054,-0.9707449064978093,0.9925925173728386,OFF-BI-10000632
2017-12-31,2.980851583632142,2.0292322838632706,3.9052474381169326,OFF-BI-10000632
2018-01-07,3.059216819822442,2.098148383271164,4.0295011924851565,OFF-BI-10000632
2018-01-14,3.0769990611854774,2.151302501965496,4.0004415350090365,OFF-BI-10000632
2017-12-22,-0.25450366209987063,-0.8879813096805075,0.38963424432332594,OFF-ST-10000078
2017-12-29,-0.1616065337139969,-0.8435483211112891,0.48773451584411825,OFF-ST-10000078
2017-12-31,2.905760997137464,2.28783297448249,3.5869170987456593,OFF-ST-10000078
2018-01-07,3.099445947062721,2.4423752393726543,3.759108509340072,OFF-ST-10000078
2018-01-14,3.152421354513156,2.4881449896056536,3.709329213738128,OFF-ST-10000078
2017-12-22,-0.03935276628615547,-0.36223216901143435,0.29819870791673425,OFF-EN-10001509
2017-12-29,-0.02550508778011107,-0.3770753790204482,0.33155518440031984,OFF-EN-10001509
2017-12-31,1.3368739352951116,0.9913062920495866,1.6710681941791927,OFF-EN-10001509
2018-01-07,1.3188531577733742,0.9514708002581141,1.6609930663675507,OFF-EN-10001509
2018-01-14,1.263877249934854,0.9092921222683976,1.6059236873610914,OFF-EN-10001509
2017-12-22,-0.11689172998958686,-0.8517012078092975,0.5350671270631844,OFF-AR-10004078
2017-12-29,-0.3927317061890063,-1.0746289183798607,0.27250231257885643,OFF-AR-10004078
2017-12-31,4.205774797307823,3.477360442232558,4.863910538399827,OFF-AR-10004078
2018-01-07,4.241596591253327,3.5218548377248555,4.953696293692318,OFF-AR-10004078
2018-01-14,4.529292872578086,3.8714165253999404,5.221270820450888,OFF-AR-10004078
2017-12-22,-0.031778713240915746,-0.5780250277998478,0.4869958868364362,FUR-TA-10003473
2017-12-29,-0.05531876880581743,-0.5451352451517932,0.46957887351609817,FUR-TA-10003473
2017-12-31,0.9174692763064742,0.41200464266576686,1.433621351679414,FUR-TA-10003473
2018-01-07,0.9393245758787874,0.444066662886911,1.4336151462335027,FUR-TA-10003473
2018-01-14,0.9986976600293791,0.5156914524533566,1.5409569422908387,FUR-TA-10003473
2017-12-22,-0.07949382415858386,-0.7253045683734425,0.669340139091384,FUR-TA-10001039
2017-12-29,-0.030256569288562574,-0.7559978864791739,0.7264193748658065,FUR-TA-10001039
2017-12-31,4.638311622235173,4.010997053713995,5.369958161152149,FUR-TA-10001039
2018-01-07,4.725303101045531,4.02693176092958,5.479105320234058,FUR-TA-10001039
2018-01-14,4.697771169150599,4.018846500451979,5.420472785891313,FUR-TA-10001039
2017-12-22,0.08659103195627282,-0.3745063871908153,0.5465422159083212,OFF-ST-10001558
2017-12-29,-0.005359134564970391,-0.4669872414992265,0.44243411214175166,OFF-ST-10001558
2017-12-31,3.293061824185128,2.8623512581702637,3.735357081150025,OFF-ST-10001558
2018-01-07,3.2112031151126907,2.7126517241279133,3.6601873533557803,OFF-ST-10001558
2018-01-14,3.2121603482522643,2.797084821916749,3.693297033377948,OFF-ST-10001558
2017-12-22,0.3593309926216617,-0.2764118398046283,0.9740023407196852,OFF-PA-10003441
2017-12-29,0.16519466030427798,-0.469637370746501,0.8327006059089908,OFF-PA-10003441
2017-12-31,2.5465371470401164,1.8922751418738055,3.196693672238935,OFF-PA-10003441
2018-01-07,2.430197729743671,1.7789001226669134,3.0746619116558893,OFF-PA-10003441
2018-01-14,2.4406289268760455,1.7580288132799955,3.0472370077873756,OFF-PA-10003441
2017-12-22,-0.21078009428534905,-0.9659036211668904,0.5837661859170017,OFF-ST-10004950
2017-12-29,-0.10988594451096168,-0.8484836541434244,0.6810175056329333,OFF-ST-10004950
2017-12-31,0.9347617187540538,0.13376476345282923,1.7122565021521234,OFF-ST-10004950
2018-01-07,1.0678432605266475,0.29206152286251275,1.8698272557861306,OFF-ST-10004950
2018-01-14,1.0741656773399768,0.29172055437379524,1.8583774894555571,OFF-ST-10004950
2017-12-22,0.3774096252142356,-0.21642129282837766,1.0560969913447567,OFF-BI-10004654
2017-12-29,0.553230417079356,-0.07750551985957345,1.2493697369944097,OFF-BI-10004654
2017-12-31,2.4234286904890494,1.798347703202002,3.0348069060497735,OFF-BI-10004654
2018-01-07,2.261569928925578,1.6451984266106547,2.9144347517394706,OFF-BI-10004654
2018-01-14,1.9787268419943755,1.3406989756360244,2.638940103425314,OFF-BI-10004654
2017-12-22,-0.3168463117271605,-0.9834278077905445,0.36267447716182816,OFF-AR-10004757
2017-12-29,-0.1357176257552335,-0.7792371834309482,0.5015569861587036,OFF-AR-10004757
2017-12-31,0.8659662215335426,0.21440451678583503,1.5799824604251762,OFF-AR-10004757
2018-01-07,0.9885856880758572,0.27966629047720987,1.6383611294150486,OFF-AR-10004757
2018-01-14,0.9744595734142527,0.3311423836528044,1.6225116908743358,OFF-AR-10004757
2017-12-22,0.10396730172668,-0.23607566171847105,0.4538285354467227,OFF-PA-10002986
2017-12-29,0.19298256353641996,-0.16384516752376435,0.5450791218642004,OFF-PA-10002986
2017-12-31,2.1858379717281116,1.8339607104461946,2.53273858926901,OFF-PA-10002986
2018-01-07,2.099177077838565,1.7680311798338297,2.46048989991764,OFF-PA-10002986
2018-01-14,1.9592857688153904,1.629176325261553,2.321922486272087,OFF-PA-10002986
2017-12-22,0.0013562901011665573,-0.5396804384945525,0.5519090595830729,OFF-PA-10001033
2017-12-29,0.014569173064643781,-0.5556168846756301,0.5700628827213624,OFF-PA-10001033
2017-12-31,1.9911525808315624,1.4144718665301885,2.5530870460830006,OFF-PA-10001033
2018-01-07,2.100378687073088,1.594880655761274,2.696507191308091,OFF-PA-10001033
2018-01-14,2.178721051542972,1.5778053949564814,2.723858372773469,OFF-PA-10001033
2017-12-22,0.058889931933041595,-0.3128927286918338,0.4492912532484636,OFF-BI-10003712
2017-12-29,-0.08634585175149301,-0.5032739117028704,0.31572981254553634,OFF-BI-10003712
2017-12-31,3.7865424651229636,3.387378736574017,4.152089602503284,OFF-BI-10003712
2018-01-07,3.7808126453799535,3.422159387020936,4.162715214345925,OFF-BI-10003712
2018-01-14,3.86136912116059,3.5017092317125518,4.263113520220862,OFF-BI-10003712
2017-12-22,0.3500702125770889,-0.3664093768836432,1.0845465973560091,TEC-PH-10003505
2017-12-29,0.3955079618049173,-0.3693965172469299,1.1730148521942547,TEC-PH-10003505
2017-12-31,4.950462518941681,4.250231002105992,5.676112242580316,TEC-PH-10003505
2018-01-07,4.719980658479621,3.971768035985817,5.518155763684814,TEC-PH-10003505
2018-01-14,4.490957863636304,3.717345243052932,5.199899859572988,TEC-PH-10003505
2017-12-22,0.04288007309072661,-0.4332623567589456,0.4760802329374534,OFF-BI-10002982
2017-12-29,0.02466689074974715,-0.43898541073181596,0.4731092974524489,OFF-BI-10002982
2017-12-31,1.0862126826037273,0.6412353245756205,1.5204650366862662,OFF-BI-10002982
2018-01-07,1.0567445892863432,0.5922961626590887,1.4731743061787288,OFF-BI-10002982
2018-01-14,1.0690611271956567,0.6105612346590469,1.5118611868550706,OFF-BI-10002982
2017-12-24,3.100708553844992,2.7041405341066707,3.4581823127423164,OFF-BI-10001670
2017-12-29,0.11168494955449937,-0.27339017260141835,0.46952812818347583,OFF-BI-10001670
2017-12-31,3.0012923463366405,2.6152252858109315,3.391273573547062,OFF-BI-10001670
2018-01-07,2.9943796080179035,2.622420502915283,3.3843662777198498,OFF-BI-10001670
2018-01-14,3.0498334322477647,2.6698158121128337,3.452520753897988,OFF-BI-10001670
2017-12-22,-0.14847777757742842,-0.5437306285724999,0.2784334162200092,OFF-BI-10002353
2017-12-29,-0.09143187703735833,-0.49815535935826494,0.3278474170348108,OFF-BI-10002353
2017-12-31,4.4454042006293815,4.035098066498932,4.8238671055865066,OFF-BI-10002353
2018-01-07,4.559722998603355,4.150336562185767,4.984430199950263,OFF-BI-10002353
2018-01-14,4.588173989855562,4.179530133379204,4.9850302015108,OFF-BI-10002353
2017-12-22,0.0024310515922576492,-0.43553066976642063,0.43314832065793446,OFF-LA-10001569
2017-12-29,-0.07432778544000573,-0.5365023533897683,0.36587515884570776,OFF-LA-10001569
2017-12-31,3.7472419839675872,3.3070167386334295,4.156670292890774,OFF-LA-10001569
2018-01-07,3.7543709829840566,3.284996360266102,4.1816359467139455,OFF-LA-10001569
2018-01-14,3.813415581421355,3.363237493804731,4.22845061765864,OFF-LA-10001569
2017-12-22,-0.02077049479739923,-0.7834264312779995,0.760623307708448,OFF-ST-10001325
2017-12-29,0.0383070298566599,-0.6571012349595904,0.7618100359259967,OFF-ST-10001325
2017-12-31,2.488040223703136,1.7778845649706054,3.2246050298605082,OFF-ST-10001325
2018-01-07,2.5868212969963733,1.8509809988414796,3.3291114587871453,OFF-ST-10001325
2018-01-14,2.5929847672170934,1.8316536041911369,3.314529220203959,OFF-ST-10001325
2017-12-22,0.00973651298912892,-0.612484336215282,0.6013679786363466,OFF-AR-10003732
2017-12-29,0.005431639444567926,-0.635416041390695,0.6349325205494103,OFF-AR-10003732
2017-12-31,2.0891454984353994,1.4753913881584282,2.70917322149272,OFF-AR-10003732
2018-01-07,2.0273656169461027,1.337887748934131,2.6340475564776193,OFF-AR-10003732
2018-01-14,1.9754224591806377,1.333276396445373,2.6536232458998263,OFF-AR-10003732
2017-12-22,0.0859251293814629,-0.28336815919241787,0.44652349294143434,TEC-PH-10003012
2017-12-29,0.04050589229231871,-0.29626089104303777,0.3780610813783713,TEC-PH-10003012
2017-12-31,3.279569741669234,2.933045866458874,3.6507540069224143,TEC-PH-10003012
2018-01-07,3.2474791847879656,2.8746430196547506,3.647194123032212,TEC-PH-10003012
2018-01-14,3.2924135449020473,2.9212501448564274,3.6492726778807985,TEC-PH-10003012
2017-12-22,0.0016848545253700387,-0.47370627442154345,0.4739849301159215,OFF-BI-10001249
2017-12-29,0.0054332431476460386,-0.44270390618978667,0.4932737694533115,OFF-BI-10001249
2017-12-31,4.162290666152616,3.6833656989248977,4.656252176800568,OFF-BI-10001249
2018-01-07,4.132129723986768,3.6581397554653985,4.627290909887252,OFF-BI-10001249
2018-01-14,4.122823995308407,3.6651906714090567,4.610014400610045,OFF-BI-10001249
2017-12-22,-0.06813418035260099,-0.9870981486750513,0.8322918314619109,OFF-ST-10001496
2017-12-29,0.04373010234900132,-0.8290993469416259,0.9899551858886955,OFF-ST-10001496
2017-12-31,2.0624743407232082,1.1765930986726625,2.9490260920153766,OFF-ST-10001496
2018-01-07,2.114234798877387,1.156277383340087,3.0285847497711584,OFF-ST-10001496
2018-01-14,2.0714372168038917,1.1321417505899947,2.948351381975943,OFF-ST-10001496
2017-12-22,-0.04039494421060841,-0.9306181660373887,0.7954285751255652,OFF-BI-10001757
2017-12-29,-0.07227661134769425,-0.9051992541955347,0.7683775447270345,OFF-BI-10001757
2017-12-31,1.1978488999799213,0.3465597010100226,2.0870806203347927,OFF-BI-10001757
2018-01-07,1.1097316634249292,0.1889662244985103,1.976320653620192,OFF-BI-10001757
2018-01-14,1.103116471143744,0.25863032500391525,1.9370466832388842,OFF-BI-10001757
2017-12-22,0.012038550786295232,-0.12314821263088957,0.15366293663422884,OFF-AP-10002311
2017-12-29,-0.0037194607684161163,-0.14318166601532473,0.12942942999033422,OFF-AP-10002311
2017-12-31,4.928981048732567,4.800106434372883,5.065523414784857,OFF-AP-10002311
2018-01-07,4.94168763418492,4.801868776693103,5.075348742931808,OFF-AP-10002311
2018-01-14,4.946921656896583,4.804327945090734,5.08475619748846,OFF-AP-10002311
2017-12-22,-0.14086017642478588,-0.8536626638770348,0.5742398699728863,OFF-AR-10000380
2017-12-29,-0.10370166849574702,-0.8853784623560729,0.5956256344356863,OFF-AR-10000380
2017-12-31,5.618740379128476,4.958618241983952,6.368949400560835,OFF-AR-10000380
2018-01-07,5.567722257597037,4.841281828050946,6.319495359497225,OFF-AR-10000380
2018-01-14,5.496119726494651,4.812188722697023,6.214998255423538,OFF-AR-10000380
2017-12-22,0.011247295376744404,-0.5089773214813372,0.5485615842457205,OFF-ST-10001590
2017-12-29,0.06049281907746895,-0.4270216265801463,0.5740691491804409,OFF-ST-10001590
2017-12-31,3.02379695859291,2.4923282514258105,3.5072192728107288,OFF-ST-10001590
2018-01-07,3.066265937954706,2.6045737157562243,3.5585679324948356,OFF-ST-10001590
2018-01-14,3.0086193744544123,2.4603649533235896,3.4920225459250274,OFF-ST-10001590
2017-12-22,-0.22359774888203665,-0.6121267304598689,0.19840667703216489,OFF-BI-10003910
2017-12-29,-0.16898709536215062,-0.5973373702460171,0.2331134955675765,OFF-BI-10003910
2017-12-31,4.841449499154859,4.4071084903969595,5.258366238634821,OFF-BI-10003910
2018-01-07,4.931636543656978,4.5223092650700965,5.36483822724037,OFF-BI-10003910
2018-01-14,4.9740378519157185,4.594108143658586,5.352878375815423,OFF-BI-10003910
2017-12-22,-0.06879178097015015,-0.37497124807041526,0.2512815990248313,OFF-SU-10001574
2017-12-29,-0.014680513806003992,-0.34088146360998484,0.3216396854106025,OFF-SU-10001574
2017-12-31,1.8475146770513398,1.5398486339629267,2.1674940928833593,OFF-SU-10001574
2018-01-07,1.8833674115861478,1.5768767291130645,2.210669675170864,OFF-SU-10001574
2018-01-14,1.8730497942737048,1.5447125261640255,2.1751351421388416,OFF-SU-10001574
2017-12-22,-0.006373718914235216,-0.6498747516201722,0.6198340326033732,OFF-LA-10004484
2017-12-29,-0.08854270182429325,-0.7270465662651551,0.580571133709295,OFF-LA-10004484
2017-12-31,3.101718971951769,2.470307433587149,3.7228762569631777,OFF-LA-10004484
2018-01-07,3.272096196014659,2.5973462612850713,3.9057144825402013,OFF-LA-10004484
2018-01-14,3.549097208457229,2.9257122428023785,4.1709535207660755,OFF-LA-10004484
2017-12-22,0.060386561468422695,-0.28371278289201934,0.4102485948383271,OFF-BI-10001628
2017-12-29,0.07571965549150583,-0.2674513060136477,0.3928997382350621,OFF-BI-10001628
2017-12-31,5.118061121576373,4.783367122510659,5.4772892431465845,OFF-BI-10001628
2018-01-07,5.102610401062312,4.764177947621812,5.425373654977186,OFF-BI-10001628
2018-01-14,5.094369069153099,4.763360363707081,5.439299988395347,OFF-BI-10001628
2017-12-22,0.003288691775782837,-0.39411039680849824,0.42576687738476876,OFF-ST-10004804
2017-12-29,-0.04619396133688314,-0.4720892793350158,0.40292636340582855,OFF-ST-10004804
2017-12-31,3.944683879014139,3.531872785675381,4.377043146916514,OFF-ST-10004804
2018-01-07,3.909652157953346,3.498736794093846,4.334337305137768,OFF-ST-10004804
2018-01-14,3.9233330032273828,3.5032511304449736,4.343487904682047,OFF-ST-10004804
2017-12-22,-0.025950370895593933,-0.3581347748483927,0.31570973698131444,FUR-BO-10001337
2017-12-29,0.029865570888612192,-0.2913394963302492,0.3610130912373345,FUR-BO-10001337
2017-12-31,1.5490595746119458,1.2175172192410861,1.881501123820944,FUR-BO-10001337
2018-01-07,1.52681207200943,1.181575180557136,1.8427618852444005,FUR-BO-10001337
2018-01-14,1.4855802993272988,1.1587325050407176,1.81736828898074,FUR-BO-10001337
2017-12-22,-0.02937858140683991,-0.8472939183931634,0.7374805313996846,FUR-CH-10004997
2017-12-29,0.0021385156893911628,-0.8454430312585817,0.7914941688628018,FUR-CH-10004997
2017-12-31,2.9829814054935673,2.174347697692013,3.815742024646113,FUR-CH-10004997
2018-01-07,2.9859105608237,2.2544153613061315,3.76559222680367,FUR-CH-10004997
2018-01-14,2.9548613097856062,2.2216061701144567,3.779569886445186,FUR-CH-10004997
2017-12-22,0.0985307799203925,-0.3164667861425616,0.5295968495998871,TEC-PH-10001817
2017-12-29,0.06301549620773805,-0.35742105328670837,0.5047425105543326,TEC-PH-10001817
2017-12-31,3.019741731516736,2.605535018231798,3.425297685395195,TEC-PH-10001817
2018-01-07,2.991106355603211,2.5557728771170076,3.3798542978451973,TEC-PH-10001817
2018-01-14,2.9960027191978558,2.600174159750523,3.396796435348023,TEC-PH-10001817
2017-12-25,5.167552304122334,4.54516823986582,5.846335938054343,OFF-BI-10001718
2017-12-29,-0.12821085207168093,-0.7916616113506354,0.5196094794171879,OFF-BI-10001718
2017-12-31,8.220072127790118,7.576811494244063,8.881194170399167,OFF-BI-10001718
2018-01-07,8.295409968452422,7.657269314946813,8.919830960442807,OFF-BI-10001718
2018-01-14,8.338812123096094,7.715991549036021,8.919919910516525,OFF-BI-10001718
2017-12-22,-0.027381714841984817,-0.5748548535645034,0.501374848736432,OFF-BI-10000962
2017-12-29,-0.03612320130607216,-0.570880588905426,0.4524411093484,OFF-BI-10000962
2017-12-31,1.9453583087293007,1.429001836893473,2.446609812664768,OFF-BI-10000962
2018-01-07,1.934738491398028,1.4206393914228046,2.428550561104559,OFF-BI-10000962
2018-01-14,1.9352263566361743,1.3865954879628861,2.430002085658218,OFF-BI-10000962
2017-12-22,0.005353882490878092,-0.3872222949972888,0.3760294491835245,TEC-PH-10001552
2017-12-29,0.02934503604689187,-0.3835397157366581,0.39564812603911126,TEC-PH-10001552
2017-12-31,7.087525978661914,6.704531814977743,7.471442800650076,TEC-PH-10001552
2018-01-07,7.072135663638351,6.6795400006259715,7.449215026014052,TEC-PH-10001552
2018-01-14,7.048643289112483,6.647023506313655,7.466156421870005,TEC-PH-10001552
2017-12-22,-0.12844708999757737,-0.8957696359425475,0.6217761038550689,OFF-BI-10004209
2017-12-29,-0.046986310797628494,-0.8670108829002832,0.7058309330377671,OFF-BI-10004209
2017-12-31,1.1187244751375625,0.3288728024197724,1.8920445703842164,OFF-BI-10004209
2018-01-07,1.245450849544546,0.5151039116532434,1.9869491579274743,OFF-BI-10004209
2018-01-14,1.2625916643500565,0.4651173969576529,2.053584085183356,OFF-BI-10004209
2017-12-22,0.10756007246006183,-0.483342773158273,0.6786578311192814,FUR-CH-10003396
2017-12-29,0.004970917114456075,-0.5107865790449382,0.5941703244309345,FUR-CH-10003396
2017-12-31,3.1648735281087643,2.6074851668969248,3.739513345989783,FUR-CH-10003396
2018-01-07,3.3540322870126915,2.7600711974681627,3.8794268825026395,FUR-CH-10003396
2018-01-14,3.559882407582111,2.9656780909016502,4.12530493624467,FUR-CH-10003396
2017-12-22,0.06155896964541174,-0.6565629417186691,0.6781149984206573,OFF-BI-10002082
2017-12-29,0.08265962278622396,-0.5694833699379842,0.702398167989237,OFF-BI-10002082
2017-12-31,4.447205954300019,3.8279697952845257,5.127361626884232,OFF-BI-10002082
2018-01-07,4.443764851772344,3.7539552779190144,5.051880795901193,OFF-BI-10002082
2018-01-14,4.447927710191155,3.753390247207261,5.115387762248254,OFF-BI-10002082
2017-12-22,0.03844069154636465,-0.40300931892698033,0.48960026224023134,OFF-ST-10004340
2017-12-29,0.06484541214553818,-0.3612774756975128,0.4917842476076933,OFF-ST-10004340
2017-12-31,0.9643723477888577,0.553470716813703,1.4100268722157847,OFF-ST-10004340
2018-01-07,0.9194601217804466,0.45912477737291074,1.3611175047516908,OFF-ST-10004340
2018-01-14,0.8613102958369576,0.41135350331619047,1.2838944886989538,OFF-ST-10004340
2017-12-23,3.4657705435363884,3.27342848935188,3.6607738969196033,OFF-ST-10001522
2017-12-29,0.044810193066307624,-0.1652804082899702,0.25407146217927246,OFF-ST-10001522
2017-12-31,4.067821410001234,3.8642312037639552,4.279718969850524,OFF-ST-10001522
2018-01-07,4.055967928701819,3.8569914929798985,4.274393327246729,OFF-ST-10001522
2018-01-14,4.036197728950528,3.8394303243892023,4.252254719358714,OFF-ST-10001522
2017-12-22,0.0036862481169688266,-0.39899148785651134,0.3764330030957849,OFF-BI-10002852
2017-12-29,0.011072497019532168,-0.3637234492605232,0.41077814231419163,OFF-BI-10002852
2017-12-31,3.0285341054689567,2.656255900070844,3.433139476115156,OFF-BI-10002852
2018-01-07,3.053660803773785,2.692164994214828,3.449115620065939,OFF-BI-10002852
2018-01-14,3.030204838264312,2.673243658507585,3.4135546702197397,OFF-BI-10002852
2017-12-25,3.2105690947037235,2.9793122924729483,3.431718111507769,TEC-PH-10002890
2017-12-29,-0.10508134186785467,-0.3263193699277205,0.11600076624926467,TEC-PH-10002890
2017-12-31,4.4332297449360585,4.221333191590218,4.646650720271734,TEC-PH-10002890
2018-01-07,4.493721299664191,4.278122558716584,4.69671396107309,TEC-PH-10002890
2018-01-14,4.522577581562945,4.2945410560495425,4.754970983731965,TEC-PH-10002890
2017-12-22,0.10203233847749349,-0.6498357873992922,0.8823302510744343,OFF-PA-10000157
2017-12-29,0.0543795470068944,-0.6765988997981578,0.8543137836579767,OFF-PA-10000157
2017-12-31,1.0334401504046382,0.2731972051870238,1.813919161971509,OFF-PA-10000157
2018-01-07,1.054322924334053,0.294012564379305,1.7904772331091687,OFF-PA-10000157
2018-01-14,1.1509349120967367,0.40166282521987207,1.9424476299202333,OFF-PA-10000157
2017-12-22,0.18340909973446795,-0.6206071829272706,0.974127541909815,FUR-CH-10000988
2017-12-29,-0.009279889075125336,-0.7585244512393658,0.8149290068644611,FUR-CH-10000988
2017-12-31,1.6853352960416135,0.875271455295772,2.515737555422433,FUR-CH-10000988
2018-01-07,1.649064778798596,0.8388709347087806,2.4199589472521588,FUR-CH-10000988
2018-01-14,1.6735913208603403,0.8744433375056434,2.4786921532663833,FUR-CH-10000988
2017-12-22,-0.0365967557300062,-0.6235447668343799,0.5241765081664058,OFF-ST-10002574
2017-12-29,-0.04492165123826686,-0.6166713201209411,0.5251088718517369,OFF-ST-10002574
2017-12-31,2.993867205601983,2.44762459929136,3.5466463065585643,OFF-ST-10002574
2018-01-07,3.0009246422292577,2.4649963232824144,3.5556419040525853,OFF-ST-10002574
2018-01-14,3.005362039286446,2.437948023187365,3.523169064554329,OFF-ST-10002574
2017-12-22,0.006297711330404798,-0.679163096489245,0.6567919347955902,OFF-AP-10001205
2017-12-29,0.14237739677453698,-0.519228268071805,0.7864676852243896,OFF-AP-10001205
2017-12-31,5.780097622489488,5.155190649796275,6.419669980038286,OFF-AP-10001205
2018-01-07,5.909638749642556,5.268210607819841,6.617019105675808,OFF-AP-10001205
2018-01-14,5.865408242795909,5.16596796093319,6.542452836452829,OFF-AP-10001205
2017-12-22,-0.03252667735044268,-0.31733136392422623,0.23794252670422697,OFF-PA-10001838
2017-12-29,0.030023233822568773,-0.2417322678643594,0.29262763812217724,OFF-PA-10001838
2017-12-31,0.9118244024561598,0.6361911025473932,1.1636337442543332,OFF-PA-10001838
2018-01-07,0.9291263263434099,0.657208904541681,1.2287135192332235,OFF-PA-10001838
2018-01-14,0.8825512938574638,0.5999070002921939,1.1610673693091365,OFF-PA-10001838
2017-12-22,-0.006465081321895827,-0.5053639391449025,0.4760198977236653,OFF-BI-10001989
2017-12-29,0.043784809274394654,-0.4524276968820974,0.5191132473648468,OFF-BI-10001989
2017-12-31,1.444014649304624,0.945140212022103,1.930663728534696,OFF-BI-10001989
2018-01-07,1.4808703137257009,1.0174171970651877,1.9613829499760518,OFF-BI-10001989
2018-01-14,1.4582789419462099,0.9359671951214117,1.9660250878398333,OFF-BI-10001989
2017-12-22,-0.13972197555170274,-0.714986793520998,0.35137169457507655,OFF-ST-10003123
2017-12-29,-0.09761493712485558,-0.6353983460747494,0.43437849815602964,OFF-ST-10003123
2017-12-31,0.7349008876571348,0.19596686112144857,1.3035574827965966,OFF-ST-10003123
2018-01-07,0.8368552915093432,0.3423006828209793,1.3695893772749965,OFF-ST-10003123
2018-01-14,0.8302266924390905,0.2831265081524951,1.3707383989711375,OFF-ST-10003123
2017-12-29,0.17755175937573364,-0.4033215643445175,0.8300772380575399,OFF-BI-10002103
2017-12-30,2.114685990734568,1.507409256115029,2.713697915621552,OFF-BI-10002103
2017-12-31,1.330549569302899,0.7475494216885675,1.940884433106661,OFF-BI-10002103
2018-01-07,1.213282830956965,0.5992022828362402,1.8690178997501943,OFF-BI-10002103
2018-01-14,1.0486553561664314,0.48832248283436486,1.6514209564010136,OFF-BI-10002103
2017-12-22,0.09467258035487847,-0.6804235416346335,0.8862798428734254,OFF-BI-10000050
2017-12-29,0.05982156622036294,-0.7249714511748577,0.8244501108319964,OFF-BI-10000050
2017-12-31,4.839056689894555,4.092231353417755,5.5427877040155575,OFF-BI-10000050
2018-01-07,4.875864265123259,4.13230998037741,5.650927367805731,OFF-BI-10000050
2018-01-14,4.919866209644544,4.15454545814098,5.676082693321696,OFF-BI-10000050
2017-12-22,0.37439762282479094,-0.34132945002447673,1.080242616328606,TEC-AC-10004469
2017-12-29,0.2844049141191416,-0.4254397858642561,0.9599520662409436,TEC-AC-10004469
2017-12-31,1.5191527363498982,0.76843929487349,2.253603328323127,TEC-AC-10004469
2018-01-07,1.32764756001047,0.6138746310036677,2.042665678208501,TEC-AC-10004469
2018-01-14,1.2297319960388466,0.478991517371233,1.940587490823126,TEC-AC-10004469
2017-12-22,-0.051046698839644744,-0.38675722526455447,0.3119067771647259,FUR-FU-10001940
2017-12-29,-0.059031160203049104,-0.4009278643860568,0.2795915348439776,FUR-FU-10001940
2017-12-31,2.4487730034250466,2.1139708491491116,2.7851086412407615,FUR-FU-10001940
2018-01-07,2.478816306780325,2.1119472797626235,2.8024314366746093,FUR-FU-10001940
2018-01-14,2.5028708530409043,2.154342412045583,2.867405748310189,FUR-FU-10001940
2017-12-22,-0.3033569420797493,-1.2660843716714,0.6628543363378959,OFF-BI-10003982
2017-12-29,-0.11398250641356267,-1.1609722878694935,0.8856568502348965,OFF-BI-10003982
2017-12-31,1.0141353472723083,0.05622875186984117,1.9927787900562839,OFF-BI-10003982
2018-01-07,1.1855045870156848,0.20018024028748269,2.161119124747871,OFF-BI-10003982
2018-01-14,1.2020575740692798,0.2274328054038007,2.2316008519063284,OFF-BI-10003982
2017-12-22,0.01978855871293206,-0.6707670918012337,0.7281444132642227,FUR-FU-10001706
2017-12-29,-0.05079354034292738,-0.8266999673255351,0.7074089780138751,FUR-FU-10001706
2017-12-31,3.460934663963881,2.7347069888508413,4.186596820335616,FUR-FU-10001706
2018-01-07,3.3710278114153343,2.5802694867854266,4.095814017726673,FUR-FU-10001706
2018-01-14,3.328292639312127,2.602903255892918,4.090770632819109,FUR-FU-10001706
2017-12-22,0.04596158787352289,-0.4440600175304319,0.5286350903265361,FUR-FU-10000010
2017-12-29,0.061977424432362316,-0.4478345430282015,0.5511194930018428,FUR-FU-10000010
2017-12-31,4.079841241738149,3.56308416969607,4.557458684098828,FUR-FU-10000010
2018-01-07,4.089128397654671,3.584156470687455,4.56681612344284,FUR-FU-10000010
2018-01-14,4.078710473776006,3.5786686911021794,4.54204053279984,FUR-FU-10000010
2017-12-22,-0.06860045346926658,-0.23655967030465627,0.09422156533844939,OFF-BI-10000320
2017-12-29,-0.04767674908084851,-0.20399085112976378,0.1179741913535378,OFF-BI-10000320
2017-12-31,2.4696494475754944,2.3099281977980506,2.6340814500888143,OFF-BI-10000320
2018-01-07,2.480964780072291,2.313671771186279,2.6478493952229076,OFF-BI-10000320
2018-01-14,2.476594331986026,2.31787252488139,2.641551023550746,OFF-BI-10000320
2017-12-22,0.06386944637094683,-0.7136292164296845,0.8185044264830016,OFF-BI-10004236
2017-12-29,0.35537182173652404,-0.4383345498274746,1.161016970615277,OFF-BI-10004236
2017-12-31,4.5305929269569365,3.7917744699853353,5.27486921788456,OFF-BI-10004236
2018-01-07,4.753256179450968,4.019425552099561,5.521836043349657,OFF-BI-10004236
2018-01-14,4.664837620345818,3.861960262536441,5.404718433059114,OFF-BI-10004236
2017-12-22,0.08475712890248,-0.5327496915240827,0.707608261402487,FUR-CH-10003817
2017-12-29,0.1120308791427651,-0.5054977853293533,0.7363514268264665,FUR-CH-10003817
2017-12-31,4.333029102770865,3.676537793656384,4.953570044853573,FUR-CH-10003817
2018-01-07,4.234537920363806,3.5909078129740553,4.8441479600005275,FUR-CH-10003817
2018-01-14,4.149627749570684,3.557277628860536,4.772390166047444,FUR-CH-10003817
2017-12-22,-0.023693053796628227,-0.2370911315292917,0.18084935444726366,OFF-ST-10004507
2017-12-29,-0.013761005318921882,-0.23099703526258578,0.19531464579541752,OFF-ST-10004507
2017-12-31,2.969433989529401,2.748830328173281,3.181324684463383,OFF-ST-10004507
2018-01-07,2.983940323656642,2.765491867711949,3.1894150223468385,OFF-ST-10004507
2018-01-14,2.990320606237746,2.7726092055059057,3.2078216644315027,OFF-ST-10004507
2017-12-25,3.0148801674578674,2.518521561356417,3.532850278729076,OFF-BI-10001116
2017-12-29,-0.11804677427545274,-0.658435090707938,0.37468634496272357,OFF-BI-10001116
2017-12-31,2.973515836612097,2.4852501909918003,3.4429487256074958,OFF-BI-10001116
2018-01-07,3.0224348887483035,2.543077732613108,3.543257686026938,OFF-BI-10001116
2018-01-14,3.123620298865005,2.6032169779246153,3.6311273142905343,OFF-BI-10001116
2017-12-22,0.21651725604170968,-0.33326838748219156,0.6955925927393259,OFF-ST-10002743
2017-12-29,0.1948434691839509,-0.3361972026475501,0.7737008909519858,OFF-ST-10002743
2017-12-31,4.216501916679668,3.697314605420605,4.727843561425977,OFF-ST-10002743
2018-01-07,4.150842677847713,3.6294235156068106,4.6858450469540225,OFF-ST-10002743
2018-01-14,4.102926735042908,3.5828630510239505,4.656518586254197,OFF-ST-10002743
2017-12-22,0.058475946255325706,-0.4412262903150118,0.5527899166162069,TEC-PH-10001557
2017-12-29,0.0022765795695001145,-0.4909044677117463,0.49884689283212474,TEC-PH-10001557
2017-12-31,1.4453232982889896,0.9483482171052623,1.9699611071441345,TEC-PH-10001557
2018-01-07,1.4588924646683328,0.9719300552171599,1.991502949367976,TEC-PH-10001557
2018-01-14,1.5280083336860826,0.9966486262441097,2.0149470426591827,TEC-PH-10001557
2017-12-22,0.102789783204279,-0.12074486711162738,0.3370079112022354,TEC-PH-10002923
2017-12-29,0.11463932946528699,-0.10041208835480134,0.3400643219624342,TEC-PH-10002923
2017-12-31,3.0975242009862782,2.8801333836099157,3.360556230123877,TEC-PH-10002923
2018-01-07,2.996001655761389,2.753187174603553,3.221977287807987,TEC-PH-10002923
2018-01-14,2.904052392278711,2.6725989069205354,3.1422061674888315,TEC-PH-10002923
2017-12-22,-0.029403508830936786,-0.22752954549587556,0.1635015268757595,OFF-BI-10002735
2017-12-29,-0.02706618621224166,-0.2572108220392382,0.18934944994610006,OFF-BI-10002735
2017-12-31,5.970761617377938,5.779814091160647,6.173777892363386,OFF-BI-10002735
2018-01-07,5.974934817061854,5.765425257583144,6.190763805196152,OFF-BI-10002735
2018-01-14,5.965395856904848,5.7601938769555785,6.184713435963669,OFF-BI-10002735
2017-12-22,0.0805746530538296,-0.7912996780294819,0.885606629592042,OFF-FA-10002280
2017-12-29,-0.06715917339280919,-0.9133955461718556,0.7510994519883768,OFF-FA-10002280
2017-12-31,0.9225614713886618,0.07108755937981691,1.7416541908612313,OFF-FA-10002280
2018-01-07,0.971802074955618,0.08949001351872947,1.801343872353935,OFF-FA-10002280
2018-01-14,1.1048728252781697,0.34676888529966315,1.9148523370552728,OFF-FA-10002280
2017-12-22,0.1620760389267839,-0.24151919001270472,0.5852016572766785,OFF-PA-10001166
2017-12-29,0.026870602387380815,-0.3681477162824025,0.4303989089814487,OFF-PA-10001166
2017-12-31,0.8358495440209885,0.4432814609267396,1.2777973087020915,OFF-PA-10001166
2018-01-07,0.8045653379805593,0.3808798271632915,1.2000780667057596,OFF-PA-10001166
2018-01-14,0.8731175494034884,0.47386947154224357,1.3071917320471225,OFF-PA-10001166
2017-12-22,-0.017875805652437293,-0.20745383532570494,0.1619107162580474,OFF-PA-10004071
2017-12-29,-0.012411073819316165,-0.21415675565582432,0.20462228034988778,OFF-PA-10004071
2017-12-31,1.4414025388047436,1.2464676730736972,1.6248660782617628,OFF-PA-10004071
2018-01-07,1.4342470047395688,1.2397224951580235,1.6309814671407044,OFF-PA-10004071
2018-01-14,1.4351179969293801,1.2315441089339787,1.64802679888172,OFF-PA-10004071
