ds,yhat,yhat_lower,yhat_upper,SKU,ProductName
2020-07-19,6.41941492592977,5.516256613881194,7.249006831736912,OFF-PA-10001970,Xerox 1908
2020-07-21,-0.18999351859807456,-1.0206394783263926,0.6826996135759315,OFF-PA-10001970,Xerox 1908
2020-07-28,-0.24221531297911225,-1.0904668621159508,0.6299783620986611,OFF-PA-10001970,Xerox 1908
2020-08-02,6.339446238795345,5.418548010872668,7.18196230302669,OFF-PA-10001970,Xerox 1908
2020-08-09,6.34268860123337,5.491661961510779,7.172769214195359,OFF-PA-10001970,Xerox 1908
2020-07-14,0.005495971803350486,-0.6559963607200967,0.6202272572103438,TEC-AC-10003832,Logitech P710e Mobile Speakerphone
2020-07-21,0.013312087537166839,-0.596240916291231,0.6264013878620085,TEC-AC-10003832,Logitech P710e Mobile Speakerphone
2020-07-28,0.03857944267830371,-0.5820637938505845,0.6790395603134085,TEC-AC-10003832,Logitech P710e Mobile Speakerphone
2020-08-02,3.2652647694381693,2.6367622715608094,3.894423431994003,TEC-AC-10003832,Logitech P710e Mobile Speakerphone
2020-08-09,3.2989646452330423,2.6959054152965995,3.97090334929453,TEC-AC-10003832,Logitech P710e Mobile Speakerphone
2020-07-14,0.5142232169410643,-0.15865265807057904,1.2713510899284146,FUR-FU-10004270,"Executive Impressions 13"" Clairmont Wall Clock"
2020-07-21,0.04249456023827913,-0.6215334026427214,0.7772761221576389,FUR-FU-10004270,"Executive Impressions 13"" Clairmont Wall Clock"
2020-07-28,-0.2036003402639157,-0.9461387127199786,0.5543275781624319,FUR-FU-10004270,"Executive Impressions 13"" Clairmont Wall Clock"
2020-08-02,0.7194582056661161,-0.012565558059062888,1.4754439508927506,FUR-FU-10004270,"Executive Impressions 13"" Clairmont Wall Clock"
2020-08-09,0.8969740411117235,0.229071033529114,1.5742357637616928,FUR-FU-10004270,"Executive Impressions 13"" Clairmont Wall Clock"
2020-07-21,0.15131085771267605,-0.28367276872471925,0.5975412077517805,FUR-CH-10001146,"Global Value Mid-Back Manager's Chair, Gray"
2020-07-24,3.486970235986843,3.05897117235228,3.9500296333156966,FUR-CH-10001146,"Global Value Mid-Back Manager's Chair, Gray"
2020-07-28,0.20192713838765153,-0.2227821467455658,0.6342892884881343,FUR-CH-10001146,"Global Value Mid-Back Manager's Chair, Gray"
2020-08-02,4.044353376932099,3.613970787073161,4.4879703043921255,FUR-CH-10001146,"Global Value Mid-Back Manager's Chair, Gray"
2020-08-09,3.9119065574840963,3.4564971611880217,4.331774057081556,FUR-CH-10001146,"Global Value Mid-Back Manager's Chair, Gray"
2020-07-21,0.21168204890180453,-0.9049302403873491,1.2875765292821693,FUR-CH-10002647,"Situations Contoured Folding Chairs, 4/Set"
2020-07-28,0.278885250095521,-0.7758056907961635,1.3375432997238546,FUR-CH-10002647,"Situations Contoured Folding Chairs, 4/Set"
2020-08-02,5.153377456977134,4.127413563374998,6.2602360664948495,FUR-CH-10002647,"Situations Contoured Folding Chairs, 4/Set"
2020-08-09,5.087664802765661,4.0055512745488695,6.149106685455006,FUR-CH-10002647,"Situations Contoured Folding Chairs, 4/Set"
2020-07-14,0.00566658588643465,-0.3706620546502922,0.4024360035316543,TEC-AC-10003628,Logitech 910-002974 M325 Wireless Mouse for Web Scrolling
2020-07-21,-0.08533436706653541,-0.4727846602490501,0.3047168265903432,TEC-AC-10003628,Logitech 910-002974 M325 Wireless Mouse for Web Scrolling
2020-07-28,-0.17065873746270466,-0.5951474386609068,0.23592300324947515,TEC-AC-10003628,Logitech 910-002974 M325 Wireless Mouse for Web Scrolling
2020-08-02,4.808213474338251,4.385831027546666,5.205225112910389,TEC-AC-10003628,Logitech 910-002974 M325 Wireless Mouse for Web Scrolling
2020-08-09,4.8886499426758405,4.496937389066638,5.262761810841469,TEC-AC-10003628,Logitech 910-002974 M325 Wireless Mouse for Web Scrolling
2020-07-21,0.2671922947515002,-0.2828377888236612,0.7834081680950941,FUR-CH-10002880,"Global High-Back Leather Tilter, Burgundy"
2020-07-28,0.40354993538721606,-0.14707766950967105,0.9806466718544375,FUR-CH-10002880,"Global High-Back Leather Tilter, Burgundy"
2020-08-02,1.5712442918685225,1.0043417629989426,2.1463012510414226,FUR-CH-10002880,"Global High-Back Leather Tilter, Burgundy"
2020-08-09,1.3734588780630992,0.8083707527769193,1.909385047584836,FUR-CH-10002880,"Global High-Back Leather Tilter, Burgundy"
2020-07-14,-0.07298478083744175,-0.8789369088792219,0.71779641364447,OFF-PA-10002377,Xerox 1916
2020-07-21,0.005977976403362284,-0.7825270208707962,0.7989896798250741,OFF-PA-10002377,Xerox 1916
2020-07-28,0.15685058796601403,-0.6324278661096067,0.9893975569538885,OFF-PA-10002377,Xerox 1916
2020-08-02,4.315227664816181,3.517896008333873,5.040868108020269,OFF-PA-10002377,Xerox 1916
2020-08-09,4.330967875968822,3.551353997472809,5.10471320337676,OFF-PA-10002377,Xerox 1916
2020-07-14,0.18812555430442623,-0.27832240287881355,0.6698829059925653,FUR-CH-10003774,"Global Wood Trimmed Manager's Task Chair, Khaki"
2020-07-21,0.1284178434321257,-0.33653159874690064,0.5733109438821032,FUR-CH-10003774,"Global Wood Trimmed Manager's Task Chair, Khaki"
2020-07-28,-0.034392692841736405,-0.49727970220743767,0.42276564770154335,FUR-CH-10003774,"Global Wood Trimmed Manager's Task Chair, Khaki"
2020-08-02,1.5863325817534837,1.1355217529142612,2.0340254045328314,FUR-CH-10003774,"Global Wood Trimmed Manager's Task Chair, Khaki"
2020-08-09,1.5155923750982012,1.049591005887173,1.9859892950579656,FUR-CH-10003774,"Global Wood Trimmed Manager's Task Chair, Khaki"
2020-07-21,0.32655282984438694,-0.709584169827367,1.3685299114282008,FUR-FU-10001473,"Eldon Executive Woodline II Desk Accessories, Mahogany"
2020-07-22,4.0193439372970445,2.931292572037385,5.051726139677327,FUR-FU-10001473,"Eldon Executive Woodline II Desk Accessories, Mahogany"
2020-07-28,0.507970891612473,-0.4830930333053604,1.5552158365482696,FUR-FU-10001473,"Eldon Executive Woodline II Desk Accessories, Mahogany"
2020-08-02,8.499385535044281,7.504439013361936,9.492950225644678,FUR-FU-10001473,"Eldon Executive Woodline II Desk Accessories, Mahogany"
2020-08-09,8.3361597065474,7.3372136537629,9.312029675466512,FUR-FU-10001473,"Eldon Executive Woodline II Desk Accessories, Mahogany"
2020-07-19,3.0027002589810925,2.4028250689352353,3.523765173815087,OFF-BI-10001524,GBC Premium Transparent Covers with Diagonal Lined Pattern
2020-07-21,-0.18238963085985915,-0.7450351650238054,0.38711714600688146,OFF-BI-10001524,GBC Premium Transparent Covers with Diagonal Lined Pattern
2020-07-28,-0.09184738297565076,-0.6300660984434722,0.46508121770670197,OFF-BI-10001524,GBC Premium Transparent Covers with Diagonal Lined Pattern
2020-08-02,3.2113867497632542,2.6421277790467763,3.7494165576653216,OFF-BI-10001524,GBC Premium Transparent Covers with Diagonal Lined Pattern
2020-08-09,3.3550635781763347,2.7716494120460915,3.927902515717596,OFF-BI-10001524,GBC Premium Transparent Covers with Diagonal Lined Pattern
2020-07-14,0.2934696759994342,-0.5802462826557367,1.265644282673421,OFF-BI-10002026,Ibico Recycled Linen-Style Covers
2020-07-21,0.1684981835350805,-0.7409981512448601,1.045412447292295,OFF-BI-10002026,Ibico Recycled Linen-Style Covers
2020-07-28,0.09567687923476598,-0.7525218005235418,0.9679237327939427,OFF-BI-10002026,Ibico Recycled Linen-Style Covers
2020-08-02,1.829340146485446,0.8674219312615131,2.695043269550876,OFF-BI-10002026,Ibico Recycled Linen-Style Covers
2020-08-09,1.8527265605799248,1.0002701956898616,2.752889259859036,OFF-BI-10002026,Ibico Recycled Linen-Style Covers
2020-07-21,-0.21813990442875975,-0.5281644876952042,0.057492900699778665,OFF-BI-10004632,Ibico Hi-Tech Manual Binding System
2020-07-28,-0.2579992483933009,-0.556540109497274,0.026138453695373275,OFF-BI-10004632,Ibico Hi-Tech Manual Binding System
2020-07-29,2.40954044725862,2.131827651376237,2.672833191338413,OFF-BI-10004632,Ibico Hi-Tech Manual Binding System
2020-08-02,3.7463087206830035,3.472480975142065,4.015973013954586,OFF-BI-10004632,Ibico Hi-Tech Manual Binding System
2020-08-09,3.845249960227237,3.5771696004304245,4.138374480583284,OFF-BI-10004632,Ibico Hi-Tech Manual Binding System
2020-07-14,-0.12296224532613742,-0.8378018513914551,0.7057031065714715,TEC-AC-10002049,Plantronics Savi W720 Multi-Device Wireless Headset System
2020-07-21,0.05168966673027331,-0.6759760620983095,0.7380575962064722,TEC-AC-10002049,Plantronics Savi W720 Multi-Device Wireless Headset System
2020-07-28,0.13082170813384542,-0.5504823005363345,0.9147456902694466,TEC-AC-10002049,Plantronics Savi W720 Multi-Device Wireless Headset System
2020-08-02,4.066728740274573,3.3215620995925157,4.784425732479484,TEC-AC-10002049,Plantronics Savi W720 Multi-Device Wireless Headset System
2020-08-09,3.9642639024321396,3.2229828093293373,4.6835265148115806,TEC-AC-10002049,Plantronics Savi W720 Multi-Device Wireless Headset System
2020-07-14,-0.04167654016284095,-0.5044463930962252,0.3985653636162432,OFF-LA-10001613,Avery File Folder Labels
2020-07-21,-0.05876966900956715,-0.48707880951278615,0.4227901058698099,OFF-LA-10001613,Avery File Folder Labels
2020-07-28,0.018910078020390575,-0.42457345697341087,0.464842647690972,OFF-LA-10001613,Avery File Folder Labels
2020-08-02,4.055089570774579,3.6150038322447835,4.535043084383425,OFF-LA-10001613,Avery File Folder Labels
2020-08-09,4.27759802030471,3.8299587140071565,4.742712842283919,OFF-LA-10001613,Avery File Folder Labels
2020-07-14,0.00886561151727161,-0.7088818357294147,0.7220260244033995,OFF-BI-10000145,Zipper Ring Binder Pockets
2020-07-21,-0.05475082517300445,-0.82180836218261,0.6322219512618985,OFF-BI-10000145,Zipper Ring Binder Pockets
2020-07-28,-0.03887861675524551,-0.7018751843834399,0.6907507221113042,OFF-BI-10000145,Zipper Ring Binder Pockets
2020-08-02,4.836530830973478,4.182280227444643,5.566719781663279,OFF-BI-10000145,Zipper Ring Binder Pockets
2020-08-09,4.8028676045502765,4.111573595611514,5.490706573329793,OFF-BI-10000145,Zipper Ring Binder Pockets
2020-07-14,-0.11109841358169881,-0.3409961849354733,0.1157626155204626,OFF-BI-10000977,Ibico Plastic Spiral Binding Combs
2020-07-21,-0.14745772353489084,-0.3829549760471119,0.07192132455058872,OFF-BI-10000977,Ibico Plastic Spiral Binding Combs
2020-07-28,-0.0811676141527462,-0.3097220417771044,0.1476962094661547,OFF-BI-10000977,Ibico Plastic Spiral Binding Combs
2020-08-02,2.994631705573721,2.7643318603997495,3.22199879208409,OFF-BI-10000977,Ibico Plastic Spiral Binding Combs
2020-08-09,3.046458023518339,2.8118568817761513,3.2761983323099377,OFF-BI-10000977,Ibico Plastic Spiral Binding Combs
2020-07-14,0.02135856035398609,-0.39271180888728935,0.437987742117784,OFF-BI-10004140,Avery Non-Stick Binders
2020-07-21,0.03131037477037868,-0.43679547047512196,0.46310734272342763,OFF-BI-10004140,Avery Non-Stick Binders
2020-07-28,0.028850360205049608,-0.41811419424999285,0.46024921140913305,OFF-BI-10004140,Avery Non-Stick Binders
2020-08-02,1.1505401291502622,0.7103958426382311,1.6283033932805624,OFF-BI-10004140,Avery Non-Stick Binders
2020-08-09,1.1421632900799368,0.6922296146560788,1.6121994653855243,OFF-BI-10004140,Avery Non-Stick Binders
2020-07-14,-0.014653494401038802,-0.34435461507746257,0.3323664566484316,OFF-BI-10000301,GBC Instant Report Kit
2020-07-21,0.111169889171431,-0.21897446981096735,0.4731199717294735,OFF-BI-10000301,GBC Instant Report Kit
2020-07-28,0.12820940224070565,-0.2019768640253191,0.44926035089408434,OFF-BI-10000301,GBC Instant Report Kit
2020-08-02,1.605832433920201,1.2753826365696603,1.9583528730591417,OFF-BI-10000301,GBC Instant Report Kit
2020-08-09,1.5396105663499202,1.1959670881731954,1.8734605480088593,OFF-BI-10000301,GBC Instant Report Kit
2020-07-14,0.04728460640727539,-0.6322063098400681,0.743454985705092,OFF-BI-10004970,"ACCOHIDE 3-Ring Binder, Blue, 1"""
2020-07-21,0.058710906106094196,-0.6550408563695571,0.7692845644084256,OFF-BI-10004970,"ACCOHIDE 3-Ring Binder, Blue, 1"""
2020-07-28,0.0534523709648167,-0.6263573876873193,0.7764831531099035,OFF-BI-10004970,"ACCOHIDE 3-Ring Binder, Blue, 1"""
2020-08-02,1.4951177067422021,0.8340617952523004,2.18951995476872,OFF-BI-10004970,"ACCOHIDE 3-Ring Binder, Blue, 1"""
2020-08-09,1.5502683237129604,0.857673211518506,2.252082703455912,OFF-BI-10004970,"ACCOHIDE 3-Ring Binder, Blue, 1"""
2020-07-14,0.7724957864233795,-0.15460778212687085,1.5484190547449623,FUR-FU-10004864,"Howard Miller 14-1/2"" Diameter Chrome Round Wall Clock"
2020-07-21,0.22502490575800627,-0.6573549309812732,1.1009114764497387,FUR-FU-10004864,"Howard Miller 14-1/2"" Diameter Chrome Round Wall Clock"
2020-07-28,-0.19497206695869673,-1.0126632818112786,0.6292119861826908,FUR-FU-10004864,"Howard Miller 14-1/2"" Diameter Chrome Round Wall Clock"
2020-08-02,1.091732850281289,0.2613691196275884,1.9230752179355592,FUR-FU-10004864,"Howard Miller 14-1/2"" Diameter Chrome Round Wall Clock"
2020-08-09,1.210729031988821,0.32726813380368014,2.107840701063177,FUR-FU-10004864,"Howard Miller 14-1/2"" Diameter Chrome Round Wall Clock"
2020-07-14,0.0290924997179014,-0.60118452930699,0.7019270970970259,OFF-ST-10001490,"Hot File 7-Pocket, Floor Stand"
2020-07-21,-0.007002197717164149,-0.7034423211484548,0.6863369870227884,OFF-ST-10001490,"Hot File 7-Pocket, Floor Stand"
2020-07-28,-0.040597646265864595,-0.7316893905627317,0.6136635176169513,OFF-ST-10001490,"Hot File 7-Pocket, Floor Stand"
2020-08-02,0.922558341512264,0.21656648789011043,1.5725943160954665,OFF-ST-10001490,"Hot File 7-Pocket, Floor Stand"
2020-08-09,0.9558981052512943,0.2990947575783714,1.5803973721450473,OFF-ST-10001490,"Hot File 7-Pocket, Floor Stand"
2020-07-14,-0.10733039347893358,-1.0224092790993287,0.7054961513884096,FUR-CH-10004287,SAFCO Arco Folding Chair
2020-07-21,-0.08684147111238527,-0.8932539846353285,0.7630329301739919,FUR-CH-10004287,SAFCO Arco Folding Chair
2020-07-28,-0.0634840085068098,-0.8940051987889558,0.8063069321747194,FUR-CH-10004287,SAFCO Arco Folding Chair
2020-08-02,1.4843480686901491,0.6587472473909142,2.31594615625776,FUR-CH-10004287,SAFCO Arco Folding Chair
2020-08-09,1.4061456843557592,0.5017816968552387,2.323052014526314,FUR-CH-10004287,SAFCO Arco Folding Chair
2020-07-14,0.20387589412502383,-1.1441445989186563,1.60148797946944,FUR-TA-10001095,Chromcraft Round Conference Tables
2020-07-21,0.11465670153994711,-1.191540243730797,1.481365659444805,FUR-TA-10001095,Chromcraft Round Conference Tables
2020-07-28,0.1337695265906147,-1.066298423346657,1.4373564223555024,FUR-TA-10001095,Chromcraft Round Conference Tables
2020-08-02,1.6328256075939744,0.38515269986823375,2.8478975414889023,FUR-TA-10001095,Chromcraft Round Conference Tables
2020-08-09,1.6955623133226059,0.3640644310876437,3.0475886193703596,FUR-TA-10001095,Chromcraft Round Conference Tables
2020-07-14,-0.20609938733692656,-1.151401243695125,0.7827168663874283,OFF-BI-10004728,Wilson Jones Turn Tabs Binder Tool for Ring Binders
2020-07-21,0.08205852029484895,-0.8906970885546344,1.0216426396269034,OFF-BI-10004728,Wilson Jones Turn Tabs Binder Tool for Ring Binders
2020-07-28,0.48976762180141753,-0.5225887026133323,1.4445643451037309,OFF-BI-10004728,Wilson Jones Turn Tabs Binder Tool for Ring Binders
2020-08-02,2.3906494908990608,1.340045145809055,3.296646458308773,OFF-BI-10004728,Wilson Jones Turn Tabs Binder Tool for Ring Binders
2020-08-09,2.334319059295409,1.3070484941662914,3.307007386984669,OFF-BI-10004728,Wilson Jones Turn Tabs Binder Tool for Ring Binders
2020-07-14,0.09753933806624104,-0.6750779158730597,0.9171630399595989,TEC-AC-10003038,Kingston Digital DataTraveler 16GB USB 2.0
2020-07-21,0.09212898472492714,-0.7476466044898029,0.9040719009738011,TEC-AC-10003038,Kingston Digital DataTraveler 16GB USB 2.0
2020-07-28,0.15097016695990373,-0.6932853401233691,0.9938294131198121,TEC-AC-10003038,Kingston Digital DataTraveler 16GB USB 2.0
2020-08-02,1.4380127647561207,0.643012993677606,2.3094616356569078,TEC-AC-10003038,Kingston Digital DataTraveler 16GB USB 2.0
2020-08-09,1.4100936327781404,0.5717584675133254,2.2710109148776363,TEC-AC-10003038,Kingston Digital DataTraveler 16GB USB 2.0
2020-07-14,-0.050028593781033415,-0.5976901704151868,0.4478175037322817,OFF-ST-10003716,Tennsco Double-Tier Lockers
2020-07-21,-0.020869223027297767,-0.5644187197452134,0.4983782571361893,OFF-ST-10003716,Tennsco Double-Tier Lockers
2020-07-28,0.0384727838391985,-0.46169520365088945,0.5439701712397896,OFF-ST-10003716,Tennsco Double-Tier Lockers
2020-08-02,6.259239668808097,5.686854600230685,6.807693712052652,OFF-ST-10003716,Tennsco Double-Tier Lockers
2020-08-09,6.188972835599461,5.662065709803795,6.666872799591072,OFF-ST-10003716,Tennsco Double-Tier Lockers
2020-07-19,3.389232257151094,2.915378103223749,3.843963811751593,OFF-BI-10003291,Wilson Jones Leather-Like Binders with DublLock Round Rings
2020-07-21,-0.26643394587918756,-0.7095709819407353,0.18362975913463067,OFF-BI-10003291,Wilson Jones Leather-Like Binders with DublLock Round Rings
2020-07-28,-0.20383696110359706,-0.6364908789788329,0.2531551975411626,OFF-BI-10003291,Wilson Jones Leather-Like Binders with DublLock Round Rings
2020-08-02,3.5478205380821954,3.0715606247494662,4.027989098267046,OFF-BI-10003291,Wilson Jones Leather-Like Binders with DublLock Round Rings
2020-08-09,3.681135353700704,3.2352901076585305,4.121777343550333,OFF-BI-10003291,Wilson Jones Leather-Like Binders with DublLock Round Rings
2020-07-14,-0.24320368069197595,-0.8134036526753945,0.288700506186612,OFF-BI-10002012,Wilson Jones Easy Flow II Sheet Lifters
2020-07-21,-0.15067856897440457,-0.7270858799698854,0.3744313154482467,OFF-BI-10002012,Wilson Jones Easy Flow II Sheet Lifters
2020-07-28,-0.0052920703409125025,-0.544334439790223,0.5084210057109387,OFF-BI-10002012,Wilson Jones Easy Flow II Sheet Lifters
2020-08-02,3.000897032564427,2.4294139793019944,3.5139234347274946,OFF-BI-10002012,Wilson Jones Easy Flow II Sheet Lifters
2020-08-09,2.9672535971683036,2.4382031661637713,3.4853877739669117,OFF-BI-10002012,Wilson Jones Easy Flow II Sheet Lifters
2020-07-21,-0.02919330477905202,-0.8284649794293132,0.8168368652137197,OFF-ST-10000736,Carina Double Wide Media Storage Towers in Natural & Black
2020-07-27,0.9409592029230138,0.13744596251942076,1.6885625293346367,OFF-ST-10000736,Carina Double Wide Media Storage Towers in Natural & Black
2020-07-28,-0.04812628176934286,-0.8628710163483827,0.6702583827430326,OFF-ST-10000736,Carina Double Wide Media Storage Towers in Natural & Black
2020-08-02,1.180455960889167,0.34680366089502895,1.9494305718330684,OFF-ST-10000736,Carina Double Wide Media Storage Towers in Natural & Black
2020-08-09,1.1717077980649901,0.40398576613306864,2.0264507858509146,OFF-ST-10000736,Carina Double Wide Media Storage Towers in Natural & Black
2020-07-14,-0.018216599516365672,-0.5901931995167656,0.5804246630672159,OFF-PA-10000357,Xerox 1888
2020-07-21,0.10652768212088892,-0.5355730623372762,0.712144937806954,OFF-PA-10000357,Xerox 1888
2020-07-28,0.11077454276724508,-0.49342611929496494,0.76474082489006,OFF-PA-10000357,Xerox 1888
2020-08-02,3.1332352366311462,2.4954588880966138,3.721319587766321,OFF-PA-10000357,Xerox 1888
2020-08-09,3.0317526779114408,2.402124254651714,3.640977796116399,OFF-PA-10000357,Xerox 1888
2020-07-14,-0.027523768489234435,-0.2292077583654345,0.19604803439722307,OFF-BI-10004364,Storex Dura Pro Binders
2020-07-21,-0.06194042331711147,-0.30104831579563684,0.1664750959530062,OFF-BI-10004364,Storex Dura Pro Binders
2020-07-28,-0.08156748773257227,-0.3211602077816137,0.14927625730847174,OFF-BI-10004364,Storex Dura Pro Binders
2020-08-02,4.904240216193152,4.677179886417684,5.13937511410522,OFF-BI-10004364,Storex Dura Pro Binders
2020-08-09,4.981211862091244,4.7700163501516215,5.197797690737566,OFF-BI-10004364,Storex Dura Pro Binders
2020-07-14,-0.12542214360984305,-0.7019049031288263,0.48561135372606623,OFF-PA-10000474,Easy-staple paper
2020-07-21,-0.10314853928485102,-0.6986244213087774,0.4915529361199702,OFF-PA-10000474,Easy-staple paper
2020-07-28,0.04151792267095544,-0.5347785695329746,0.6595888272477376,OFF-PA-10000474,Easy-staple paper
2020-08-02,1.1055159848324054,0.5218870091853169,1.6440813658029936,OFF-PA-10000474,Easy-staple paper
2020-08-09,1.1464199354650066,0.599163063723925,1.7687290289545097,OFF-PA-10000474,Easy-staple paper
2020-07-14,0.01829010901948358,-0.3997745955280702,0.4517467660951582,FUR-FU-10004973,Flat Face Poster Frame
2020-07-21,0.0035903665356720182,-0.37756101817321736,0.4285986637371601,FUR-FU-10004973,Flat Face Poster Frame
2020-07-28,-0.051551240186558545,-0.46559869581404406,0.3740851521892034,FUR-FU-10004973,Flat Face Poster Frame
2020-08-02,1.4249787204288347,1.0017375625929537,1.8603637776851363,FUR-FU-10004973,Flat Face Poster Frame
2020-08-09,1.333194788821693,0.9182961220615293,1.7404284023978658,FUR-FU-10004973,Flat Face Poster Frame
2020-07-14,0.020698877399905502,-0.18774001267467522,0.24280807426233947,OFF-BI-10001658,GBC Standard Therm-A-Bind Covers
2020-07-21,-0.037103989457801134,-0.2696406342542397,0.17315201980362369,OFF-BI-10001658,GBC Standard Therm-A-Bind Covers
2020-07-28,-0.0705116571768265,-0.28438906993685303,0.1493837260493123,OFF-BI-10001658,GBC Standard Therm-A-Bind Covers
2020-08-02,1.0904767189651554,0.8696132885185363,1.305041743630725,OFF-BI-10001658,GBC Standard Therm-A-Bind Covers
2020-08-09,1.1605222264726314,0.9391639245555052,1.384218479431202,OFF-BI-10001658,GBC Standard Therm-A-Bind Covers
2020-07-14,0.1467544052481231,-0.7495600913715488,1.0091279423133483,OFF-BI-10000343,"Pressboard Covers with Storage Hooks, 9 1/2"" x 11"", Light Blue"
2020-07-21,0.35814587203268955,-0.5125370901197083,1.2384092220750782,OFF-BI-10000343,"Pressboard Covers with Storage Hooks, 9 1/2"" x 11"", Light Blue"
2020-07-28,0.5074837800768917,-0.2956802792927723,1.3474528453290895,OFF-BI-10000343,"Pressboard Covers with Storage Hooks, 9 1/2"" x 11"", Light Blue"
2020-08-02,3.422260955017145,2.5761532812604666,4.24650767349969,OFF-BI-10000343,"Pressboard Covers with Storage Hooks, 9 1/2"" x 11"", Light Blue"
2020-08-09,3.2999177269192845,2.4729676295566465,4.110922510171281,OFF-BI-10000343,"Pressboard Covers with Storage Hooks, 9 1/2"" x 11"", Light Blue"
2020-07-14,0.0105830603336865,-0.572876050652523,0.6514609173129131,FUR-FU-10004848,"Howard Miller 13-3/4"" Diameter Brushed Chrome Round Wall Clock"
2020-07-21,-0.04473044738485488,-0.6805776658119788,0.6800722109699929,FUR-FU-10004848,"Howard Miller 13-3/4"" Diameter Brushed Chrome Round Wall Clock"
2020-07-28,-0.052074549855068764,-0.6950010517644801,0.5871583407568431,FUR-FU-10004848,"Howard Miller 13-3/4"" Diameter Brushed Chrome Round Wall Clock"
2020-08-02,1.4472815954172762,0.8110676254111179,2.1530405588274872,FUR-FU-10004848,"Howard Miller 13-3/4"" Diameter Brushed Chrome Round Wall Clock"
2020-08-09,1.5014336378770592,0.8160898442160565,2.1342731882710826,FUR-FU-10004848,"Howard Miller 13-3/4"" Diameter Brushed Chrome Round Wall Clock"
2020-07-14,-0.04458836426620305,-0.7284545792837506,0.6909989795385145,OFF-BI-10003676,"GBC Standard Recycled Report Covers, Clear Plastic Sheets"
2020-07-21,-0.24830092097678502,-0.9292857747140232,0.45460006275761194,OFF-BI-10003676,"GBC Standard Recycled Report Covers, Clear Plastic Sheets"
2020-07-28,-0.33024253500365175,-1.0259944749781371,0.35656531156942445,OFF-BI-10003676,"GBC Standard Recycled Report Covers, Clear Plastic Sheets"
2020-08-02,1.3620957873835784,0.6434358431224835,2.075104399268011,OFF-BI-10003676,"GBC Standard Recycled Report Covers, Clear Plastic Sheets"
2020-08-09,1.5743771326926959,0.8935897924279638,2.2617762009198885,OFF-BI-10003676,"GBC Standard Recycled Report Covers, Clear Plastic Sheets"
2020-07-14,0.14923230838132095,-0.43866612011580364,0.7266004958770189,FUR-CH-10000454,"Hon Deluxe Fabric Upholstered Stacking Chairs, Rounded Back"
2020-07-21,0.05162789028138448,-0.5527691637258514,0.656540396880241,FUR-CH-10000454,"Hon Deluxe Fabric Upholstered Stacking Chairs, Rounded Back"
2020-07-28,0.009975342894071204,-0.5509341553786321,0.5853534272374306,FUR-CH-10000454,"Hon Deluxe Fabric Upholstered Stacking Chairs, Rounded Back"
2020-08-02,1.9229204753823823,1.3221993245700456,2.504847936356726,FUR-CH-10000454,"Hon Deluxe Fabric Upholstered Stacking Chairs, Rounded Back"
2020-08-09,1.9895956087048532,1.3864439897333078,2.5463079763047505,FUR-CH-10000454,"Hon Deluxe Fabric Upholstered Stacking Chairs, Rounded Back"
2020-07-21,0.03881381793300598,-0.6356770826024736,0.7031861531006591,OFF-ST-10003208,Adjustable Depth Letter/Legal Cart
2020-07-27,6.258387308279489,5.614669069888248,6.892202146137674,OFF-ST-10003208,Adjustable Depth Letter/Legal Cart
2020-07-28,-0.06857104073883624,-0.6486962955213885,0.560082300295199,OFF-ST-10003208,Adjustable Depth Letter/Legal Cart
2020-08-02,1.3786620388264195,0.6993226564100181,2.0277516971348684,OFF-ST-10003208,Adjustable Depth Letter/Legal Cart
2020-08-09,1.4444599209705196,0.8033802829885912,2.099046696095618,OFF-ST-10003208,Adjustable Depth Letter/Legal Cart
2020-07-14,-0.07447375132730594,-0.8520309645232487,0.7506843096098887,TEC-AC-10004510,Logitech Desktop MK120 Mouse and keyboard Combo
2020-07-21,-0.07146858451144578,-0.9239086562884533,0.7675643689617048,TEC-AC-10004510,Logitech Desktop MK120 Mouse and keyboard Combo
2020-07-28,0.036521723059611766,-0.7911038744793195,0.8481970794369543,TEC-AC-10004510,Logitech Desktop MK120 Mouse and keyboard Combo
2020-08-02,1.3274026277376714,0.5484898077724256,2.211994844789236,TEC-AC-10004510,Logitech Desktop MK120 Mouse and keyboard Combo
2020-08-09,1.3769152386374641,0.5432524803471883,2.172984076902585,TEC-AC-10004510,Logitech Desktop MK120 Mouse and keyboard Combo
2020-07-21,-0.12995570036630655,-0.8557418441082848,0.7287195356690309,OFF-BI-10001597,"Wilson Jones Ledger-Size, Piano-Hinge Binder, 2"", Blue"
2020-07-24,4.60304243564971,3.86359944558468,5.375708607650924,OFF-BI-10001597,"Wilson Jones Ledger-Size, Piano-Hinge Binder, 2"", Blue"
2020-07-28,0.1118272813147696,-0.6455076047404612,0.8791097911029289,OFF-BI-10001597,"Wilson Jones Ledger-Size, Piano-Hinge Binder, 2"", Blue"
2020-08-02,1.6901206137993294,0.9474587874988342,2.4627463540836323,OFF-BI-10001597,"Wilson Jones Ledger-Size, Piano-Hinge Binder, 2"", Blue"
2020-08-09,1.699534245677198,0.909712344504456,2.439439843334656,OFF-BI-10001597,"Wilson Jones Ledger-Size, Piano-Hinge Binder, 2"", Blue"
2020-07-14,-0.09126573578295805,-0.5980030273673322,0.3989437522595211,OFF-BI-10000546,Avery Durable Binders
2020-07-21,-0.12777699293516553,-0.6621715933957938,0.40688640584053226,OFF-BI-10000546,Avery Durable Binders
2020-07-28,-0.05344144908588966,-0.574716486621405,0.480942449007309,OFF-BI-10000546,Avery Durable Binders
2020-08-02,1.9600519815561257,1.36426752650355,2.455004057204022,OFF-BI-10000546,Avery Durable Binders
2020-08-09,1.9744125651390743,1.4349987197014544,2.4925576168781283,OFF-BI-10000546,Avery Durable Binders
2020-07-21,0.5104075782866242,-0.2799911383885294,1.3669940697251968,OFF-ST-10000563,Fellowes Bankers Box Stor/Drawer Steel Plus
2020-07-24,2.6523055778206643,1.7566066689581012,3.540843012272851,OFF-ST-10000563,Fellowes Bankers Box Stor/Drawer Steel Plus
2020-07-28,0.4717660046831629,-0.33828638530088967,1.3712336579289521,OFF-ST-10000563,Fellowes Bankers Box Stor/Drawer Steel Plus
2020-08-02,5.922986549351371,5.028846141596576,6.830834460360959,OFF-ST-10000563,Fellowes Bankers Box Stor/Drawer Steel Plus
2020-08-09,5.662981228822737,4.879221529630525,6.5392113457153425,OFF-ST-10000563,Fellowes Bankers Box Stor/Drawer Steel Plus
2020-07-14,-0.2305521540653972,-0.5910689640396476,0.10412937440090084,FUR-FU-10002364,"Eldon Expressions Wood Desk Accessories, Oak"
2020-07-21,-0.09422585660302518,-0.42799991263285203,0.2495628142456413,FUR-FU-10002364,"Eldon Expressions Wood Desk Accessories, Oak"
2020-07-28,0.06362071995181706,-0.2906711984903303,0.3928353653445633,FUR-FU-10002364,"Eldon Expressions Wood Desk Accessories, Oak"
2020-08-02,5.062599608246878,4.715752506718316,5.405730850836071,FUR-FU-10002364,"Eldon Expressions Wood Desk Accessories, Oak"
2020-08-09,4.999421986831768,4.6349715002581435,5.349210456641164,FUR-FU-10002364,"Eldon Expressions Wood Desk Accessories, Oak"
2020-07-14,-0.024275019783230434,-0.45112610697305994,0.394991949545672,OFF-PA-10002195,Xerox 1966
2020-07-21,-0.06440088864385451,-0.4876529948368082,0.39217433485198716,OFF-PA-10002195,Xerox 1966
2020-07-28,-0.09632676937807805,-0.5091299511312287,0.3309299623592194,OFF-PA-10002195,Xerox 1966
2020-08-02,5.9271880995248925,5.538007261191808,6.369275871909409,OFF-PA-10002195,Xerox 1966
2020-08-09,5.948747863473851,5.531607390903971,6.386838650994761,OFF-PA-10002195,Xerox 1966
2020-07-14,0.11643402785758905,-0.46888086092841175,0.6651365118369105,OFF-PA-10001033,Xerox 1893
2020-07-21,-0.0009841376175421246,-0.5547310613904548,0.5246512490015455,OFF-PA-10001033,Xerox 1893
2020-07-28,0.01189964171821023,-0.52631876988991,0.5714955779670479,OFF-PA-10001033,Xerox 1893
2020-08-02,1.478323782642652,0.885866649205527,1.9698104351170638,OFF-PA-10001033,Xerox 1893
2020-08-09,1.5828173990261905,1.0741209952440702,2.1581084347823736,OFF-PA-10001033,Xerox 1893
2020-07-14,0.1109602076060523,-0.49420670993722454,0.74122188287021,OFF-LA-10003510,"Avery 4027 File Folder Labels for Dot Matrix Printers, 5000 Labels per Box, White"
2020-07-21,0.03652146504979514,-0.5913747304221929,0.6344701031313169,OFF-LA-10003510,"Avery 4027 File Folder Labels for Dot Matrix Printers, 5000 Labels per Box, White"
2020-07-28,-0.04420553582079734,-0.6584859380876943,0.5670654135359481,OFF-LA-10003510,"Avery 4027 File Folder Labels for Dot Matrix Printers, 5000 Labels per Box, White"
2020-08-02,1.953832246027338,1.374092700096392,2.5428406482071,OFF-LA-10003510,"Avery 4027 File Folder Labels for Dot Matrix Printers, 5000 Labels per Box, White"
2020-08-09,1.9584010335234785,1.395967047097053,2.592880629522338,OFF-LA-10003510,"Avery 4027 File Folder Labels for Dot Matrix Printers, 5000 Labels per Box, White"
2020-07-14,0.01797741364821004,-0.49755368895224983,0.5290544835875328,FUR-TA-10003473,Bretford Rectangular Conference Table Tops
2020-07-21,-0.028465342479079503,-0.5428102803232311,0.4739798306989504,FUR-TA-10003473,Bretford Rectangular Conference Table Tops
2020-07-28,-0.05056902956709619,-0.5512236831511155,0.43712354444176926,FUR-TA-10003473,Bretford Rectangular Conference Table Tops
2020-08-02,0.9246498746957088,0.4179706374389847,1.443493431417885,FUR-TA-10003473,Bretford Rectangular Conference Table Tops
2020-08-09,0.9638900225033449,0.4622845587465361,1.4453615584785355,FUR-TA-10003473,Bretford Rectangular Conference Table Tops
2020-07-14,-0.039929230063521004,-0.6082605461643694,0.5939203212798528,FUR-CH-10000785,Global Ergonomic Managers Chair
2020-07-21,-0.06838878749915933,-0.7195306923998718,0.5443961146241684,FUR-CH-10000785,Global Ergonomic Managers Chair
2020-07-28,0.05805000414588468,-0.544649348692647,0.6835751898256716,FUR-CH-10000785,Global Ergonomic Managers Chair
2020-08-02,1.277585751269724,0.6369272565310087,1.871367912240319,FUR-CH-10000785,Global Ergonomic Managers Chair
2020-08-09,1.4330986339132101,0.8127652938126577,2.0681709584387433,FUR-CH-10000785,Global Ergonomic Managers Chair
2020-07-14,0.14160089859935487,-0.34655743583949966,0.5879668667630277,OFF-ST-10001558,Acco Perma 4000 Stacking Storage Drawers
2020-07-21,0.0865986549999298,-0.37560579576593933,0.5438189998550161,OFF-ST-10001558,Acco Perma 4000 Stacking Storage Drawers
2020-07-28,-0.005356607039484151,-0.4310295237505487,0.4649105426332136,OFF-ST-10001558,Acco Perma 4000 Stacking Storage Drawers
2020-08-02,0.7414663833981582,0.3184040825938523,1.1906475394357245,OFF-ST-10001558,Acco Perma 4000 Stacking Storage Drawers
2020-08-09,0.6874009043980223,0.21508239258672363,1.1661447771411328,OFF-ST-10001558,Acco Perma 4000 Stacking Storage Drawers
2020-07-14,-0.03747561252903964,-0.39506850511332986,0.3107604399014297,OFF-EN-10001509,Poly String Tie Envelopes
2020-07-21,-0.040259253730240196,-0.3871611216550374,0.29561158304105284,OFF-EN-10001509,Poly String Tie Envelopes
2020-07-28,-0.02543500864318826,-0.37975363925366634,0.34016017119953706,OFF-EN-10001509,Poly String Tie Envelopes
2020-08-02,2.972823561949924,2.650405350457783,3.3234375513094023,OFF-EN-10001509,Poly String Tie Envelopes
2020-08-09,2.9366637425038933,2.598984359881833,3.2725138671016194,OFF-EN-10001509,Poly String Tie Envelopes
2020-07-14,0.08037830738824603,-0.537865827545965,0.7160340024690942,OFF-BI-10004654,VariCap6 Expandable Binder
2020-07-21,0.37808262418085814,-0.2160597896205553,0.9938204531503108,OFF-BI-10004654,VariCap6 Expandable Binder
2020-07-28,0.5542069457806194,-0.08871521595295127,1.1869553891555693,OFF-BI-10004654,VariCap6 Expandable Binder
2020-08-02,1.542994386603988,0.9103547128048309,2.1833102856561317,OFF-BI-10004654,VariCap6 Expandable Binder
2020-08-09,1.3017885192052532,0.652279225251327,1.946130356072644,OFF-BI-10004654,VariCap6 Expandable Binder
2020-07-14,0.16242507691552666,-0.5127973920270953,0.7748827679464456,OFF-AR-10004078,Newell 312
2020-07-21,-0.11182316187804098,-0.7651935145740991,0.5302321022515051,OFF-AR-10004078,Newell 312
2020-07-28,-0.3900907693432538,-1.053115020624419,0.30539367835298115,OFF-AR-10004078,Newell 312
2020-08-02,1.487372441968526,0.7641527801187257,2.145487454627429,OFF-AR-10004078,Newell 312
2020-08-09,1.6469076932508742,0.9866321189600711,2.3486701971033335,OFF-AR-10004078,Newell 312
2020-07-14,0.41687142456244697,-0.2578928273601103,1.0317499015498544,OFF-PA-10003441,Xerox 226
2020-07-21,0.359435012635255,-0.2807581081713231,1.0035496091445755,OFF-PA-10003441,Xerox 226
2020-07-28,0.1652955061854664,-0.47072819100639973,0.7911086088733374,OFF-PA-10003441,Xerox 226
2020-08-02,1.6752237975854833,1.0575988179650995,2.3002167795912962,OFF-PA-10003441,Xerox 226
2020-08-09,1.6170695680867726,0.9875855366239576,2.330565246372046,OFF-PA-10003441,Xerox 226
2020-07-14,0.01288075616455675,-0.567193082520229,0.6481725392916424,OFF-AR-10003732,Newell 333
2020-07-21,0.0078061261383330915,-0.6033469356105889,0.667343072496339,OFF-AR-10003732,Newell 333
2020-07-28,0.0038160744670860947,-0.6197000552815453,0.6603434064774734,OFF-AR-10003732,Newell 333
2020-08-02,0.8519245757638284,0.19456655983210663,1.4745955558139079,OFF-AR-10003732,Newell 333
2020-08-09,0.7854044522428488,0.14460634977199854,1.4049066981130909,OFF-AR-10003732,Newell 333
2020-07-14,-0.14533912631399692,-0.9166295952712339,0.679542711726394,OFF-ST-10004950,"Tenex Personal Filing Tote With Secure Closure Lid, Black/Frost"
2020-07-21,-0.21032215041303548,-0.9973255069697188,0.5579601280830511,OFF-ST-10004950,"Tenex Personal Filing Tote With Secure Closure Lid, Black/Frost"
2020-07-28,-0.10939985615916692,-0.9186290067078446,0.7170048049438059,OFF-ST-10004950,"Tenex Personal Filing Tote With Secure Closure Lid, Black/Frost"
2020-08-02,3.9601042642387796,3.171893159961525,4.7889726250127005,OFF-ST-10004950,"Tenex Personal Filing Tote With Secure Closure Lid, Black/Frost"
2020-08-09,4.045861381523453,3.2682851150364365,4.8240634235440485,OFF-ST-10004950,"Tenex Personal Filing Tote With Secure Closure Lid, Black/Frost"
2020-07-23,2.7190401274730966,1.9350005685992984,3.5349716356524827,FUR-CH-10002602,DMI Arturo Collection Mission-style Design Wood Chair
2020-07-28,0.7936633675022438,0.047687877381391,1.5142737942450455,FUR-CH-10002602,DMI Arturo Collection Mission-style Design Wood Chair
2020-08-02,1.8714035432649356,1.1505611250207908,2.6270766171409856,FUR-CH-10002602,DMI Arturo Collection Mission-style Design Wood Chair
2020-08-09,1.6233843290114947,0.8690621110240929,2.4124641312812707,FUR-CH-10002602,DMI Arturo Collection Mission-style Design Wood Chair
2020-07-14,-0.07399783482448585,-0.4627240418505515,0.34094076336118506,OFF-BI-10002353,GBC VeloBind Cover Sets
2020-07-21,-0.1487497559138964,-0.5319731661691869,0.24499755674628296,OFF-BI-10002353,GBC VeloBind Cover Sets
2020-07-28,-0.09182735098127548,-0.47445997086016695,0.31447764440459913,OFF-BI-10002353,GBC VeloBind Cover Sets
2020-08-02,1.3312902900133203,0.9270306453907846,1.7264420714594648,OFF-BI-10002353,GBC VeloBind Cover Sets
2020-08-09,1.4183197974705546,0.997840321151551,1.8337452396873464,OFF-BI-10002353,GBC VeloBind Cover Sets
2020-07-14,-0.1393075294871413,-0.8387354037359902,0.5695324563297475,TEC-AC-10002323,SanDisk Ultra 32 GB MicroSDHC Class 10 Memory Card
2020-07-21,-0.20403698905452838,-0.9337884743948714,0.5429903776375126,TEC-AC-10002323,SanDisk Ultra 32 GB MicroSDHC Class 10 Memory Card
2020-07-28,-0.16279711448845946,-0.9372686826437637,0.4877977345348259,TEC-AC-10002323,SanDisk Ultra 32 GB MicroSDHC Class 10 Memory Card
2020-08-02,2.7851538472954487,2.1116963736353322,3.491278887330236,TEC-AC-10002323,SanDisk Ultra 32 GB MicroSDHC Class 10 Memory Card
2020-08-09,2.8788954413544943,2.1740314247401593,3.5578519665430632,TEC-AC-10002323,SanDisk Ultra 32 GB MicroSDHC Class 10 Memory Card
2020-07-14,-0.005287481160223262,-0.6729181221884847,0.7478685164199416,FUR-TA-10001039,KI Adjustable-Height Table
2020-07-21,-0.072843078341569,-0.7691328191951166,0.5906974637648614,FUR-TA-10001039,KI Adjustable-Height Table
2020-07-28,-0.023376227883865397,-0.7871592847598686,0.7123271781513605,FUR-TA-10001039,KI Adjustable-Height Table
2020-08-02,1.2153476148453932,0.5278360347423889,1.9449729806340903,FUR-TA-10001039,KI Adjustable-Height Table
2020-08-09,1.2644375850356582,0.5435325915489885,1.9779010905648566,FUR-TA-10001039,KI Adjustable-Height Table
2020-07-14,0.048653714181608354,-0.37941274838205574,0.5084115237602727,OFF-LA-10001569,Avery 499
2020-07-21,0.003009958045426586,-0.439261033536255,0.446471100667868,OFF-LA-10001569,Avery 499
2020-07-28,-0.0735003932970284,-0.5010754653682926,0.40777597035279567,OFF-LA-10001569,Avery 499
2020-08-02,1.9171087517929357,1.496369824015436,2.3737123796880484,OFF-LA-10001569,Avery 499
2020-08-09,1.9550549807742352,1.533127905136152,2.3970686990576766,OFF-LA-10001569,Avery 499
2020-07-14,0.020920021538640032,-0.48143002285866,0.4735892942051471,OFF-BI-10002982,Avery Self-Adhesive Photo Pockets for Polaroid Photos
2020-07-21,0.0406228106701394,-0.44577004573045065,0.45575296356716555,OFF-BI-10002982,Avery Self-Adhesive Photo Pockets for Polaroid Photos
2020-07-28,0.02259855553104151,-0.41041897936849475,0.4978070824574292,OFF-BI-10002982,Avery Self-Adhesive Photo Pockets for Polaroid Photos
2020-08-02,0.9633399368057958,0.5449518898691759,1.398934062761563,OFF-BI-10002982,Avery Self-Adhesive Photo Pockets for Polaroid Photos
2020-08-09,0.9474582496439008,0.484375507901145,1.3925421674705936,OFF-BI-10002982,Avery Self-Adhesive Photo Pockets for Polaroid Photos
2020-07-14,0.12649084511301734,-0.6000671329828794,0.8879756107075847,TEC-PH-10003505,Geemarc AmpliPOWER60
2020-07-21,0.3429266705125058,-0.45259511458935303,1.1040119805565445,TEC-PH-10003505,Geemarc AmpliPOWER60
2020-07-28,0.3892591981848721,-0.32685304473301807,1.117692639309374,TEC-PH-10003505,Geemarc AmpliPOWER60
2020-08-02,1.8423442983197327,1.0899053812179167,2.6180297237718646,TEC-PH-10003505,Geemarc AmpliPOWER60
2020-08-09,1.5883562135242666,0.8331226661022615,2.310276404016234,TEC-PH-10003505,Geemarc AmpliPOWER60
2020-07-14,0.07878667613691182,-0.6151308313746859,0.8264976229331299,OFF-ST-10001325,Sterilite Officeware Hinged File Box
2020-07-21,-0.01779766844849151,-0.7592699456479457,0.7228771539303265,OFF-ST-10001325,Sterilite Officeware Hinged File Box
2020-07-28,0.038879518838720095,-0.6913336668023312,0.8350408977518866,OFF-ST-10001325,Sterilite Officeware Hinged File Box
2020-08-02,2.887065010254989,2.0752403698785598,3.626931298178837,OFF-ST-10001325,Sterilite Officeware Hinged File Box
2020-08-09,2.952043266519764,2.2192680871565678,3.673258110442559,OFF-ST-10001325,Sterilite Officeware Hinged File Box
2020-07-14,0.7414323628567603,-0.14389938264594823,1.5479191776445758,OFF-ST-10001809,Fellowes Officeware Wire Shelving
2020-07-21,0.6224138264913268,-0.23506134413269908,1.5011246867520243,OFF-ST-10001809,Fellowes Officeware Wire Shelving
2020-07-28,0.2157907346574488,-0.5627764040076003,1.0719546756738558,OFF-ST-10001809,Fellowes Officeware Wire Shelving
2020-08-02,1.816785783492697,0.9475762226605647,2.720576951698858,OFF-ST-10001809,Fellowes Officeware Wire Shelving
2020-08-09,1.6262162698451519,0.7829245511806198,2.4846767327640027,OFF-ST-10001809,Fellowes Officeware Wire Shelving
2020-07-21,0.029917207759815323,-0.8919473926147683,1.0353338969228865,OFF-BI-10000632,Satellite Sectional Post Binders
2020-07-24,0.9707098582487255,0.04861718368822689,1.9563225945746392,OFF-BI-10000632,Satellite Sectional Post Binders
2020-07-28,0.042363423069052164,-0.9457217583510577,0.9692968415352646,OFF-BI-10000632,Satellite Sectional Post Binders
2020-08-02,1.3333702992592402,0.3377977401403783,2.3382107553941656,OFF-BI-10000632,Satellite Sectional Post Binders
2020-08-09,1.393095645423163,0.4333693991158194,2.3842942169581547,OFF-BI-10000632,Satellite Sectional Post Binders
2020-07-21,-0.03424123472185725,-0.40438895986262363,0.32377166283003245,TEC-AC-10002473,Maxell 4.7GB DVD-R
2020-07-24,6.955331675820375,6.595642459318258,7.298237699677791,TEC-AC-10002473,Maxell 4.7GB DVD-R
2020-07-28,0.0487401395899143,-0.31387331119136114,0.4106844747172675,TEC-AC-10002473,Maxell 4.7GB DVD-R
2020-08-02,1.6918263258310742,1.3119602311978982,2.0468413726034878,TEC-AC-10002473,Maxell 4.7GB DVD-R
2020-08-09,1.644365689712937,1.2852109358283181,2.0107048061792265,TEC-AC-10002473,Maxell 4.7GB DVD-R
2020-07-14,-0.3647240338546298,-1.055991011028828,0.2999890206987785,OFF-AR-10004757,Crayola Colored Pencils
2020-07-21,-0.317006400729797,-0.9621645672796216,0.3271644486692436,OFF-AR-10004757,Crayola Colored Pencils
2020-07-28,-0.13606166332597724,-0.8093539300198573,0.5009176600081167,OFF-AR-10004757,Crayola Colored Pencils
2020-08-02,0.9338779721966146,0.3313998640642067,1.587825480951563,OFF-AR-10004757,Crayola Colored Pencils
2020-08-09,0.9979204753115248,0.329945706623031,1.6346408574379943,OFF-AR-10004757,Crayola Colored Pencils
2020-07-14,-0.10338565125376009,-0.7365087130860868,0.5127119880310234,OFF-ST-10000078,Tennsco 6- and 18-Compartment Lockers
2020-07-21,-0.25450417762135835,-0.8947423496183368,0.41089056291506404,OFF-ST-10000078,Tennsco 6- and 18-Compartment Lockers
2020-07-28,-0.16160689388075555,-0.8000070197281905,0.5054480715855173,OFF-ST-10000078,Tennsco 6- and 18-Compartment Lockers
2020-08-02,1.3080380481797431,0.705257390341532,1.9670566725820458,OFF-ST-10000078,Tennsco 6- and 18-Compartment Lockers
2020-08-09,1.4551788179326854,0.824140340296887,2.09492387380561,OFF-ST-10000078,Tennsco 6- and 18-Compartment Lockers
2020-07-14,0.11069537770885507,-0.2710542994506866,0.4722763156216614,OFF-BI-10003707,Aluminum Screw Posts
2020-07-21,0.10348437312192482,-0.27339602393986917,0.4656743626667862,OFF-BI-10003707,Aluminum Screw Posts
2020-07-28,0.14134691505444152,-0.23511766103799353,0.46632325224281773,OFF-BI-10003707,Aluminum Screw Posts
2020-08-02,1.513344574880694,1.1373912210823698,1.87579335303453,OFF-BI-10003707,Aluminum Screw Posts
2020-08-09,1.4816941575318001,1.1281208842746564,1.865490246562487,OFF-BI-10003707,Aluminum Screw Posts
2020-07-14,-0.014597741501976902,-0.3225856167663004,0.28248333819300114,FUR-CH-10002965,"Global Leather Highback Executive Chair with Pneumatic Height Adjustment, Black"
2020-07-21,-0.12515672280582457,-0.40968333793345174,0.1686875483298766,FUR-CH-10002965,"Global Leather Highback Executive Chair with Pneumatic Height Adjustment, Black"
2020-07-28,-0.1318809625980073,-0.4290260802550376,0.16493297792735873,FUR-CH-10002965,"Global Leather Highback Executive Chair with Pneumatic Height Adjustment, Black"
2020-08-02,3.968871936396844,3.6828563261939107,4.268479605308703,FUR-CH-10002965,"Global Leather Highback Executive Chair with Pneumatic Height Adjustment, Black"
2020-08-09,4.0280614868901985,3.7180759317871415,4.335409546182434,FUR-CH-10002965,"Global Leather Highback Executive Chair with Pneumatic Height Adjustment, Black"
2020-07-15,3.3745230044243963,3.0201122565680576,3.744512407570209,OFF-PA-10002986,Xerox 1898
2020-07-21,0.10338516973283252,-0.2321137385693534,0.4423519977441312,OFF-PA-10002986,Xerox 1898
2020-07-28,0.1921270821819201,-0.14103129529452205,0.5354219556580515,OFF-PA-10002986,Xerox 1898
2020-08-02,3.7258621515185917,3.3603536299816645,4.072500236536824,OFF-PA-10002986,Xerox 1898
2020-08-09,3.6017505557349963,3.2700408812775477,3.953550044665888,OFF-PA-10002986,Xerox 1898
2020-07-21,0.23052622196210404,-0.17390764096080877,0.6254038655147902,OFF-BI-10001670,Vinyl Sectional Post Binders
2020-07-23,3.103254489484695,2.7049524353904646,3.4607245263252575,OFF-BI-10001670,Vinyl Sectional Post Binders
2020-07-28,0.11272921649185896,-0.28469682554833214,0.4941698140749316,OFF-BI-10001670,Vinyl Sectional Post Binders
2020-08-02,1.3564650276726895,0.9855258926474951,1.726668240013189,OFF-BI-10001670,Vinyl Sectional Post Binders
2020-08-09,1.3839028133575877,1.0226642400068129,1.7627557969055796,OFF-BI-10001670,Vinyl Sectional Post Binders
2020-07-14,0.1743680615235661,-0.1880579238774226,0.5562157353984339,OFF-BI-10003712,"Acco Pressboard Covers with Storage Hooks, 14 7/8"" x 11"", Light Blue"
2020-07-21,0.06639753262506609,-0.30648575934873185,0.4594116657141536,OFF-BI-10003712,"Acco Pressboard Covers with Storage Hooks, 14 7/8"" x 11"", Light Blue"
2020-07-28,-0.07836206118349232,-0.47284967974008296,0.30763916970971505,OFF-BI-10003712,"Acco Pressboard Covers with Storage Hooks, 14 7/8"" x 11"", Light Blue"
2020-08-02,3.80393142590739,3.4261917049157486,4.20608382427637,OFF-BI-10003712,"Acco Pressboard Covers with Storage Hooks, 14 7/8"" x 11"", Light Blue"
2020-08-09,3.8478071417057533,3.4705946327108883,4.211983606811316,OFF-BI-10003712,"Acco Pressboard Covers with Storage Hooks, 14 7/8"" x 11"", Light Blue"
2020-07-14,0.20693417138843007,-0.2927239756572363,0.712320102542368,OFF-ST-10002743,SAFCO Boltless Steel Shelving
2020-07-21,0.21662561345215714,-0.3007812729023142,0.7285209978143158,OFF-ST-10002743,SAFCO Boltless Steel Shelving
2020-07-28,0.1954270009203145,-0.3251442616746375,0.7241152572280656,OFF-ST-10002743,SAFCO Boltless Steel Shelving
2020-08-02,1.5809332620109056,1.0814928801812107,2.113058648897571,OFF-ST-10002743,SAFCO Boltless Steel Shelving
2020-08-09,1.515392536364531,0.979189484911143,2.0405448974279,OFF-ST-10002743,SAFCO Boltless Steel Shelving
2020-07-15,3.7257782705859253,3.38599179267052,4.066802212086544,OFF-BI-10001628,"Acco Data Flex Cable Posts For Top & Bottom Load Binders, 6"" Capacity"
2020-07-21,0.060309636251353105,-0.2602426388663323,0.4337578403171828,OFF-BI-10001628,"Acco Data Flex Cable Posts For Top & Bottom Load Binders, 6"" Capacity"
2020-07-28,0.07508378119213788,-0.27022660772492846,0.397166025567941,OFF-BI-10001628,"Acco Data Flex Cable Posts For Top & Bottom Load Binders, 6"" Capacity"
2020-08-02,1.3797696303938907,1.0099383346628081,1.7350914078569462,OFF-BI-10001628,"Acco Data Flex Cable Posts For Top & Bottom Load Binders, 6"" Capacity"
2020-08-09,1.362889715056006,1.041958969393405,1.7068545913989075,OFF-BI-10001628,"Acco Data Flex Cable Posts For Top & Bottom Load Binders, 6"" Capacity"
2020-07-21,-0.1287951519417616,-0.3559493970002885,0.09737733677072248,TEC-PH-10002890,AT&T 17929 Lendline Telephone
2020-07-24,3.2104584628612933,2.984902928571734,3.430941008701558,TEC-PH-10002890,AT&T 17929 Lendline Telephone
2020-07-28,-0.10503829887852811,-0.3260075935412653,0.12111433771585944,TEC-PH-10002890,AT&T 17929 Lendline Telephone
2020-08-02,0.9289822591358354,0.7030248608890731,1.1639611920102397,TEC-PH-10002890,AT&T 17929 Lendline Telephone
2020-08-09,0.9810477112228522,0.7466465090902371,1.2027504064924779,TEC-PH-10002890,AT&T 17929 Lendline Telephone
2020-07-14,-0.34432528453221156,-1.3752950281223344,0.6654517509167737,OFF-BI-10003982,Wilson Jones Century Plastic Molded Ring Binders
2020-07-21,-0.30335834970884656,-1.3400950341645559,0.7060438994027203,OFF-BI-10003982,Wilson Jones Century Plastic Molded Ring Binders
2020-07-28,-0.11398385654551291,-1.0637633674600822,0.9266642077627885,OFF-BI-10003982,Wilson Jones Century Plastic Molded Ring Binders
2020-08-02,1.1022071856204778,0.17657803366859212,2.0721698284477434,OFF-BI-10003982,Wilson Jones Century Plastic Molded Ring Binders
2020-08-09,1.2126723084408588,0.19326722250885514,2.205795314142439,OFF-BI-10003982,Wilson Jones Century Plastic Molded Ring Binders
2020-07-21,-0.21396306283445377,-0.8075993728718956,0.4073297000490917,OFF-BI-10001718,GBC DocuBind P50 Personal Binding Machine
2020-07-24,5.164486285993335,4.539286148148893,5.8127619447619,OFF-BI-10001718,GBC DocuBind P50 Personal Binding Machine
2020-07-28,-0.12720152935867723,-0.7535514176929934,0.4839592387461499,OFF-BI-10001718,GBC DocuBind P50 Personal Binding Machine
2020-08-02,1.9732093831752988,1.3001350816489465,2.593620931841297,OFF-BI-10001718,GBC DocuBind P50 Personal Binding Machine
2020-08-09,2.033777927146411,1.4176120207521703,2.6636808784930297,OFF-BI-10001718,GBC DocuBind P50 Personal Binding Machine
2020-07-14,0.0837123007737488,-0.6035469080218488,0.8681618855197418,OFF-PA-10000157,Xerox 191
2020-07-21,0.10201930542372706,-0.670178132005234,0.7873846923571106,OFF-PA-10000157,Xerox 191
2020-07-28,0.05436268031896052,-0.7072042877929035,0.8047493796807326,OFF-PA-10000157,Xerox 191
2020-08-02,1.030195879978873,0.21012094947832882,1.7578201257788586,OFF-PA-10000157,Xerox 191
2020-08-09,1.0910884337097464,0.38927240769734855,1.8101920959940685,OFF-PA-10000157,Xerox 191
2020-07-14,-0.10751242707455777,-0.9134421884752635,0.7871973690912121,OFF-BI-10001757,Pressboard Hanging Data Binders for Unburst Sheets
2020-07-21,-0.04233236050185152,-0.8949868515370919,0.8243682727462458,OFF-BI-10001757,Pressboard Hanging Data Binders for Unburst Sheets
2020-07-28,-0.07481523406198587,-0.9771408955105318,0.8115735883569172,OFF-BI-10001757,Pressboard Hanging Data Binders for Unburst Sheets
2020-08-02,1.1498986451802509,0.306529269687427,1.9580434575096453,OFF-BI-10001757,Pressboard Hanging Data Binders for Unburst Sheets
2020-08-09,1.084690392075824,0.19074190276005373,1.9213081546819053,OFF-BI-10001757,Pressboard Hanging Data Binders for Unburst Sheets
2020-07-14,-0.17876035756795172,-0.8980805520045323,0.49885231967692284,OFF-AR-10000380,"Hunt PowerHouse Electric Pencil Sharpener, Blue"
2020-07-21,-0.14049812301006903,-0.8877253109623303,0.531102086984288,OFF-AR-10000380,"Hunt PowerHouse Electric Pencil Sharpener, Blue"
2020-07-28,-0.10353259131676595,-0.8168448807748558,0.6453769240649112,OFF-AR-10000380,"Hunt PowerHouse Electric Pencil Sharpener, Blue"
2020-08-02,0.8422721492309786,0.11421418172027793,1.5235724691602932,OFF-AR-10000380,"Hunt PowerHouse Electric Pencil Sharpener, Blue"
2020-08-09,0.7713998186343136,0.07513540435634063,1.4735540217331073,OFF-AR-10000380,"Hunt PowerHouse Electric Pencil Sharpener, Blue"
2020-07-17,4.55305126440591,3.7212728371931685,5.360370022664185,OFF-BI-10004209,"Fellowes Twister Kit, Gray/Clear, 3/pkg"
2020-07-21,-0.14026648778814188,-0.9118328180457597,0.6194178385834456,OFF-BI-10004209,"Fellowes Twister Kit, Gray/Clear, 3/pkg"
2020-07-28,-0.06408220074314386,-0.8637243230701798,0.7276668628120335,OFF-BI-10004209,"Fellowes Twister Kit, Gray/Clear, 3/pkg"
2020-08-02,1.1395693555628357,0.28747966797382063,1.8827678442390394,OFF-BI-10004209,"Fellowes Twister Kit, Gray/Clear, 3/pkg"
2020-08-09,1.222466936884365,0.392351351154322,1.972587964793853,OFF-BI-10004209,"Fellowes Twister Kit, Gray/Clear, 3/pkg"
2020-07-14,-0.01980396934653683,-0.4294417114554104,0.37202863831335,TEC-PH-10001552,I Need's 3d Hello Kitty Hybrid Silicone Case Cover for HTC One X 4g with 3d Hello Kitty Stylus Pen Green/pink
2020-07-21,0.005792898428159887,-0.37926141734317603,0.3944034651203142,TEC-PH-10001552,I Need's 3d Hello Kitty Hybrid Silicone Case Cover for HTC One X 4g with 3d Hello Kitty Stylus Pen Green/pink
2020-07-28,0.02907498504832695,-0.37597778835173956,0.4428627905690806,TEC-PH-10001552,I Need's 3d Hello Kitty Hybrid Silicone Case Cover for HTC One X 4g with 3d Hello Kitty Stylus Pen Green/pink
2020-08-02,6.003048521622799,5.5537125101068705,6.40132671378489,TEC-PH-10001552,I Need's 3d Hello Kitty Hybrid Silicone Case Cover for HTC One X 4g with 3d Hello Kitty Stylus Pen Green/pink
2020-08-09,5.978733453834371,5.557864963889709,6.375803687986711,TEC-PH-10001552,I Need's 3d Hello Kitty Hybrid Silicone Case Cover for HTC One X 4g with 3d Hello Kitty Stylus Pen Green/pink
2020-07-14,0.036244045585208884,-0.4451633347979566,0.5581926831917555,OFF-BI-10001989,Premium Transparent Presentation Covers by GBC
2020-07-21,-0.004641631529823886,-0.5074644407554747,0.46379406619858216,OFF-BI-10001989,Premium Transparent Presentation Covers by GBC
2020-07-28,0.04591277676655725,-0.47124332186333806,0.528515297621405,OFF-BI-10001989,Premium Transparent Presentation Covers by GBC
2020-08-02,1.4733298727133286,1.01734727431484,1.9485939886232662,OFF-BI-10001989,Premium Transparent Presentation Covers by GBC
2020-08-09,1.4835409203481007,1.0029677663572873,1.9605825792783067,OFF-BI-10001989,Premium Transparent Presentation Covers by GBC
2020-07-14,-0.006151008911847722,-0.7845516349254744,0.6932608014235841,OFF-BI-10004236,"XtraLife ClearVue Slant-D Ring Binder, White, 3"""
2020-07-21,0.05807440730268043,-0.6857344981717673,0.854819841660466,OFF-BI-10004236,"XtraLife ClearVue Slant-D Ring Binder, White, 3"""
2020-07-28,0.35091204230638184,-0.45762424172933375,1.0786701573764153,OFF-BI-10004236,"XtraLife ClearVue Slant-D Ring Binder, White, 3"""
2020-08-02,1.6388264164124702,0.8880289228373989,2.3726814725877796,OFF-BI-10004236,"XtraLife ClearVue Slant-D Ring Binder, White, 3"""
2020-08-09,1.744803808107475,0.989774543359243,2.511322123094988,OFF-BI-10004236,"XtraLife ClearVue Slant-D Ring Binder, White, 3"""
2020-07-14,-0.04435171199347954,-0.846150504845982,0.7639585433798898,FUR-CH-10004997,Hon Every-Day Series Multi-Task Chairs
2020-07-21,-0.028969689344458427,-0.8635819439789331,0.726705743008639,FUR-CH-10004997,Hon Every-Day Series Multi-Task Chairs
2020-07-28,0.0008025658387866841,-0.793627868910486,0.7979005048596617,FUR-CH-10004997,Hon Every-Day Series Multi-Task Chairs
2020-08-02,1.2291086830206335,0.38249481244983274,1.994879537995394,FUR-CH-10004997,Hon Every-Day Series Multi-Task Chairs
2020-08-09,1.214961662862249,0.4090563399842022,2.014142904543179,FUR-CH-10004997,Hon Every-Day Series Multi-Task Chairs
2020-07-21,0.08794712386427239,-0.5170098060612867,0.7152581838530415,OFF-BI-10002103,"Cardinal Slant-D Ring Binder, Heavy Gauge Vinyl"
2020-07-28,0.1818972427860457,-0.4141746673393484,0.8080134777379011,OFF-BI-10002103,"Cardinal Slant-D Ring Binder, Heavy Gauge Vinyl"
2020-07-29,2.1205322079418947,1.4991505806771592,2.717847977421959,OFF-BI-10002103,"Cardinal Slant-D Ring Binder, Heavy Gauge Vinyl"
2020-08-02,1.3044732323748822,0.6890086208851409,1.9261231270068768,OFF-BI-10002103,"Cardinal Slant-D Ring Binder, Heavy Gauge Vinyl"
2020-08-09,1.1493111266815286,0.5372410837049201,1.7848571359841352,OFF-BI-10002103,"Cardinal Slant-D Ring Binder, Heavy Gauge Vinyl"
2020-07-14,0.07849137079212776,-0.4271346115220752,0.634032196080819,TEC-PH-10001557,Pyle PMP37LED
2020-07-21,0.05706101452901313,-0.4192730517556254,0.5542168692301193,TEC-PH-10001557,Pyle PMP37LED
2020-07-28,0.001665858273530052,-0.5076597278522124,0.5201726934889042,TEC-PH-10001557,Pyle PMP37LED
2020-08-02,1.4425339706191826,0.92591314455,1.9614823382081208,TEC-PH-10001557,Pyle PMP37LED
2020-08-09,1.488519700225261,0.9717286919738091,1.9655424071203709,TEC-PH-10001557,Pyle PMP37LED
2020-07-14,-0.017887073382265584,-0.24057967714722472,0.18171980342905392,OFF-ST-10004507,Advantus Rolling Storage Box
2020-07-21,-0.022549288169385395,-0.23484697775313465,0.20980947712775694,OFF-ST-10004507,Advantus Rolling Storage Box
2020-07-28,-0.01339355243162954,-0.2239836683331614,0.20952430438492267,OFF-ST-10004507,Advantus Rolling Storage Box
2020-08-02,1.0019658996207101,0.7800127540929759,1.2353950935403613,OFF-ST-10004507,Advantus Rolling Storage Box
2020-08-09,1.0135386361256258,0.8155269009003282,1.2409497778364915,OFF-ST-10004507,Advantus Rolling Storage Box
2020-07-14,-0.09753009520172218,-0.4015474764417297,0.26649347206172147,FUR-BO-10001337,O'Sullivan Living Dimensions 2-Shelf Bookcases
2020-07-21,-0.024650846482634048,-0.3510158311755214,0.3248514958271538,FUR-BO-10001337,O'Sullivan Living Dimensions 2-Shelf Bookcases
2020-07-28,0.03089368478353305,-0.3073549173947217,0.38157830157880973,FUR-BO-10001337,O'Sullivan Living Dimensions 2-Shelf Bookcases
2020-08-02,0.983774095070999,0.6620235778054346,1.300155232772783,FUR-BO-10001337,O'Sullivan Living Dimensions 2-Shelf Bookcases
2020-08-09,0.9462660147697299,0.591059981357243,1.2854248325902509,FUR-BO-10001337,O'Sullivan Living Dimensions 2-Shelf Bookcases
2020-07-14,0.032822930630400204,-0.5048297341083952,0.5851087333333294,OFF-ST-10001590,"Tenex Personal Project File with Scoop Front Design, Black"
2020-07-21,0.01107344574727076,-0.51153802169661,0.49348703432577967,OFF-ST-10001590,"Tenex Personal Project File with Scoop Front Design, Black"
2020-07-28,0.05999605226100835,-0.4955088265620483,0.5354527756132931,OFF-ST-10001590,"Tenex Personal Project File with Scoop Front Design, Black"
2020-08-02,10.127787102311265,9.603929882617273,10.640461412058084,OFF-ST-10001590,"Tenex Personal Project File with Scoop Front Design, Black"
2020-08-09,10.131773803702867,9.628002191754902,10.635641062072388,OFF-ST-10001590,"Tenex Personal Project File with Scoop Front Design, Black"
2020-07-14,0.07213929957094178,-0.6393946982231709,0.7895055076406454,FUR-FU-10001706,Longer-Life Soft White Bulbs
2020-07-21,0.021196430016818812,-0.6997609244721796,0.744885264169999,FUR-FU-10001706,Longer-Life Soft White Bulbs
2020-07-28,-0.04756416202553737,-0.786203037230539,0.658451200195423,FUR-FU-10001706,Longer-Life Soft White Bulbs
2020-08-02,1.7475673490061303,1.0128351910025806,2.4470502987640925,FUR-FU-10001706,Longer-Life Soft White Bulbs
2020-08-09,1.6718810374982247,0.9848846818272621,2.4069094200414547,FUR-FU-10001706,Longer-Life Soft White Bulbs
2020-07-14,0.01768833723413943,-0.2085149627046313,0.24022170630133732,TEC-PH-10002923,"Logitech B530 USB Headset - headset - Full size, Binaural"
2020-07-21,0.1034129176114249,-0.12194776486734736,0.33043149987951176,TEC-PH-10002923,"Logitech B530 USB Headset - headset - Full size, Binaural"
2020-07-28,0.11523854001424638,-0.11073000474921352,0.3430989067640968,TEC-PH-10002923,"Logitech B530 USB Headset - headset - Full size, Binaural"
2020-08-02,2.5502276008786335,2.3301985895458284,2.7858475307364263,TEC-PH-10002923,"Logitech B530 USB Headset - headset - Full size, Binaural"
2020-08-09,2.440914171417038,2.208198444282692,2.663825655012926,TEC-PH-10002923,"Logitech B530 USB Headset - headset - Full size, Binaural"
2020-07-14,-0.06323764587173253,-0.34960646063441025,0.21552401281131456,OFF-PA-10001838,"Adams Telephone Message Book W/Dividers/Space For Phone Numbers, 5 1/4""X8 1/2"", 300/Messages"
2020-07-21,-0.03226755186072694,-0.3070647535930535,0.2527330648715882,OFF-PA-10001838,"Adams Telephone Message Book W/Dividers/Space For Phone Numbers, 5 1/4""X8 1/2"", 300/Messages"
2020-07-28,0.030345612367915775,-0.2549189894341942,0.32158384972933696,OFF-PA-10001838,"Adams Telephone Message Book W/Dividers/Space For Phone Numbers, 5 1/4""X8 1/2"", 300/Messages"
2020-08-02,0.9280381942780503,0.6592654980747626,1.1953665029987053,OFF-PA-10001838,"Adams Telephone Message Book W/Dividers/Space For Phone Numbers, 5 1/4""X8 1/2"", 300/Messages"
2020-08-09,0.9161345974376751,0.625875548769288,1.2033436227491714,OFF-PA-10001838,"Adams Telephone Message Book W/Dividers/Space For Phone Numbers, 5 1/4""X8 1/2"", 300/Messages"
2020-07-16,2.433457199945057,2.2648471303337887,2.5929550912580064,OFF-BI-10000320,GBC Plastic Binding Combs
2020-07-21,-0.06668671371583956,-0.2152620986020252,0.10992059202780452,OFF-BI-10000320,GBC Plastic Binding Combs
2020-07-28,-0.04497545118419666,-0.218413137262343,0.11662696391226837,OFF-BI-10000320,GBC Plastic Binding Combs
2020-08-02,1.3421771619553453,1.1771189876748263,1.5110770058886556,OFF-BI-10000320,GBC Plastic Binding Combs
2020-08-09,1.3475602884990128,1.1843788897982312,1.5174782320886706,OFF-BI-10000320,GBC Plastic Binding Combs
2020-07-14,0.2600856333971624,-0.49075511267882793,0.9627133854900298,TEC-AC-10004469,Microsoft Sculpt Comfort Mouse
2020-07-21,0.37585798197084586,-0.37582128412168536,1.0937473291156632,TEC-AC-10004469,Microsoft Sculpt Comfort Mouse
2020-07-28,0.28512310831980603,-0.44235948933674774,1.0012216260877014,TEC-AC-10004469,Microsoft Sculpt Comfort Mouse
2020-08-02,5.318363464673217,4.590500589374466,6.000324544842355,TEC-AC-10004469,Microsoft Sculpt Comfort Mouse
2020-08-09,5.1533943930793225,4.400278460753924,5.8620102275740615,TEC-AC-10004469,Microsoft Sculpt Comfort Mouse
2020-07-14,-0.027353622661498322,-0.5736607677770325,0.5023696781610311,OFF-ST-10003123,Fellowes Bases and Tops For Staxonsteel/High-Stak Systems
2020-07-21,-0.14008046935791363,-0.6637963041948779,0.41839154262044453,OFF-ST-10003123,Fellowes Bases and Tops For Staxonsteel/High-Stak Systems
2020-07-28,-0.0973369248472904,-0.6660228705744392,0.4303100289621986,OFF-ST-10003123,Fellowes Bases and Tops For Staxonsteel/High-Stak Systems
2020-08-02,0.7866413013889091,0.26273760743285435,1.34201551564038,OFF-ST-10003123,Fellowes Bases and Tops For Staxonsteel/High-Stak Systems
2020-08-09,0.8515231302360622,0.33791215289811083,1.4116640613008213,OFF-ST-10003123,Fellowes Bases and Tops For Staxonsteel/High-Stak Systems
2020-07-15,2.0013128126793496,1.4012314362803637,2.645920576501938,FUR-CH-10003817,"Global Value Steno Chair, Gray"
2020-07-21,0.08500630709556489,-0.5165624789211076,0.7100100540863341,FUR-CH-10003817,"Global Value Steno Chair, Gray"
2020-07-28,0.11226399720882085,-0.5051369015577425,0.7472289143019817,FUR-CH-10003817,"Global Value Steno Chair, Gray"
2020-08-02,1.6061552339242868,0.9625364163154362,2.2378795807441385,FUR-CH-10003817,"Global Value Steno Chair, Gray"
2020-08-09,1.4970429264787875,0.9156022637030716,2.07917449795687,FUR-CH-10003817,"Global Value Steno Chair, Gray"
2020-07-14,0.2534034862712913,-0.1537650934647525,0.6353801478285663,OFF-PA-10001166,Xerox 2
2020-07-21,0.1642290493341385,-0.27498072908615945,0.5825407559931517,OFF-PA-10001166,Xerox 2
2020-07-28,0.029513525188508805,-0.41591215409394305,0.48058497842876585,OFF-PA-10001166,Xerox 2
2020-08-02,3.430653895299809,3.000502363689039,3.843322680482678,OFF-PA-10001166,Xerox 2
2020-08-09,3.4489345702762777,3.0465230956056324,3.8453973898778324,OFF-PA-10001166,Xerox 2
2020-07-14,-0.051436692051075816,-0.23869348085353442,0.13697365072575482,OFF-PA-10004071,"Eaton Premium Continuous-Feed Paper, 25% Cotton, Letter Size, White, 1000 Shts/Box"
2020-07-21,-0.018530030269757303,-0.2213729493841913,0.1762251461624477,OFF-PA-10004071,"Eaton Premium Continuous-Feed Paper, 25% Cotton, Letter Size, White, 1000 Shts/Box"
2020-07-28,-0.013357020280070353,-0.20859069139042666,0.17237080215346656,OFF-PA-10004071,"Eaton Premium Continuous-Feed Paper, 25% Cotton, Letter Size, White, 1000 Shts/Box"
2020-08-02,0.6365699875848927,0.45173273277833365,0.8260872854211292,OFF-PA-10004071,"Eaton Premium Continuous-Feed Paper, 25% Cotton, Letter Size, White, 1000 Shts/Box"
2020-08-09,0.6314516336823659,0.4307340976040289,0.8250820234531238,OFF-PA-10004071,"Eaton Premium Continuous-Feed Paper, 25% Cotton, Letter Size, White, 1000 Shts/Box"
2020-07-14,0.10213300559513527,-0.5144119104936141,0.7212368642546826,OFF-LA-10004484,Avery 476
2020-07-21,-0.00384166633276406,-0.6867621903526594,0.6084525682518955,OFF-LA-10004484,Avery 476
2020-07-28,-0.08538499092399787,-0.7379576460065458,0.5248402223090709,OFF-LA-10004484,Avery 476
2020-08-02,1.005519449531999,0.3767309841087151,1.6121255620270265,OFF-LA-10004484,Avery 476
2020-08-09,1.2468178248161426,0.6538704723026848,1.85149707229194,OFF-LA-10004484,Avery 476
2020-07-14,0.369988919266381,-0.17112936398364315,0.9361070068489813,FUR-CH-10003396,Global Deluxe Steno Chair
2020-07-21,0.10734858196353869,-0.4438905021909006,0.6844884612359137,FUR-CH-10003396,Global Deluxe Steno Chair
2020-07-28,0.004758581862788436,-0.5830390342902128,0.5600789190381583,FUR-CH-10003396,Global Deluxe Steno Chair
2020-08-02,2.3345808778064034,1.797724838940508,2.8991227048996704,FUR-CH-10003396,Global Deluxe Steno Chair
2020-08-09,2.5603109481746906,2.00904077704509,3.1055268304197288,FUR-CH-10003396,Global Deluxe Steno Chair
2020-07-14,-0.01917991070302527,-0.2314050070739938,0.1854666460542213,OFF-BI-10002735,GBC Prestige Therm-A-Bind Covers
2020-07-21,-0.029270378599626223,-0.2335758386262675,0.17508056171014746,OFF-BI-10002735,GBC Prestige Therm-A-Bind Covers
2020-07-28,-0.0268813579458671,-0.25147794287538905,0.18223056333933507,OFF-BI-10002735,GBC Prestige Therm-A-Bind Covers
2020-08-02,4.823337377789381,4.60320676170875,5.017859740569781,OFF-BI-10002735,GBC Prestige Therm-A-Bind Covers
2020-08-09,4.8221463305417345,4.604801328148323,5.018598669565874,OFF-BI-10002735,GBC Prestige Therm-A-Bind Covers
2020-07-14,0.06395148199162204,-0.06949828372697814,0.21087419756919606,OFF-AP-10002311,"Holmes Replacement Filter for HEPA Air Cleaner, Very Large Room, HEPA Filter"
2020-07-21,0.011924674576389904,-0.12366718495984765,0.1529557232689211,OFF-AP-10002311,"Holmes Replacement Filter for HEPA Air Cleaner, Very Large Room, HEPA Filter"
2020-07-28,-0.0037710105775934366,-0.14144519348478585,0.1321423295770533,OFF-AP-10002311,"Holmes Replacement Filter for HEPA Air Cleaner, Very Large Room, HEPA Filter"
2020-08-02,2.0285444232620433,1.905403036942765,2.1669001991156387,OFF-AP-10002311,"Holmes Replacement Filter for HEPA Air Cleaner, Very Large Room, HEPA Filter"
2020-08-09,2.0404509200431074,1.900957368235592,2.1763508094000477,OFF-AP-10002311,"Holmes Replacement Filter for HEPA Air Cleaner, Very Large Room, HEPA Filter"
2020-07-14,-0.09089975233972103,-0.39913059986706767,0.2181569928257358,OFF-SU-10001574,Acme Value Line Scissors
2020-07-21,-0.068173665677703,-0.4004320503967159,0.2728610201501974,OFF-SU-10001574,Acme Value Line Scissors
2020-07-28,-0.015538560732182072,-0.3409255409359178,0.3024473959561459,OFF-SU-10001574,Acme Value Line Scissors
2020-08-02,0.8424192506706712,0.550986123480664,1.1731307734753131,OFF-SU-10001574,Acme Value Line Scissors
2020-08-09,0.8588109392668207,0.5679456377274815,1.1783775305175803,OFF-SU-10001574,Acme Value Line Scissors
2020-07-14,0.24329795938196108,-0.5622567586173146,1.0974666564066922,OFF-FA-10002280,Advantus Plastic Paper Clips
2020-07-21,0.08132929859108717,-0.7377786555357198,0.9174218104284045,OFF-FA-10002280,Advantus Plastic Paper Clips
2020-07-28,-0.06644619643954908,-0.8694050257165018,0.8032080562938431,OFF-FA-10002280,Advantus Plastic Paper Clips
2020-08-02,2.9663848239113295,2.1326872428205785,3.8250047224974146,OFF-FA-10002280,Advantus Plastic Paper Clips
2020-08-09,3.070781219820418,2.2031856620531673,3.9745275291908606,OFF-FA-10002280,Advantus Plastic Paper Clips
2020-07-20,2.648895765797727,2.301136891457281,2.988997773577334,FUR-FU-10001940,Staple-based wall hangings
2020-07-21,-0.05137914993222559,-0.39875369460276266,0.3045097153161236,FUR-FU-10001940,Staple-based wall hangings
2020-07-28,-0.059218431605943866,-0.3949012088405208,0.3133564369799843,FUR-FU-10001940,Staple-based wall hangings
2020-08-02,1.4182065027792725,1.0999442097640724,1.7534623980925375,FUR-FU-10001940,Staple-based wall hangings
2020-08-09,1.4497937678625858,1.1067035542273667,1.789208722189629,FUR-FU-10001940,Staple-based wall hangings
2020-07-14,0.027046018760064516,-0.6390500830615679,0.6990453689348528,OFF-BI-10002082,GBC Twin Loop Wire Binding Elements
2020-07-21,0.05549717759582995,-0.6152171983008365,0.7258173308495129,OFF-BI-10002082,GBC Twin Loop Wire Binding Elements
2020-07-28,0.07748257804417813,-0.5683081256900281,0.7476706829670603,OFF-BI-10002082,GBC Twin Loop Wire Binding Elements
2020-08-02,1.6694920019603445,0.9849629304697158,2.3031470315339204,OFF-BI-10002082,GBC Twin Loop Wire Binding Elements
2020-08-09,1.6665497648382397,1.0280091538963345,2.2700405930101053,OFF-BI-10002082,GBC Twin Loop Wire Binding Elements
2020-07-21,0.02767135334680404,-0.48166490310878896,0.5086930985765898,OFF-BI-10001116,"Wilson Jones 1"" Hanging DublLock Ring Binders"
2020-07-24,3.0202657313205954,2.513402630427103,3.542508017913852,OFF-BI-10001116,"Wilson Jones 1"" Hanging DublLock Ring Binders"
2020-07-28,-0.1189733836802489,-0.5633078888126977,0.4062097570484859,OFF-BI-10001116,"Wilson Jones 1"" Hanging DublLock Ring Binders"
2020-08-02,1.297650857435221,0.79408849063474,1.8282678276269448,OFF-BI-10001116,"Wilson Jones 1"" Hanging DublLock Ring Binders"
2020-08-09,1.38997794080073,0.9020180381377239,1.9469733219660856,OFF-BI-10001116,"Wilson Jones 1"" Hanging DublLock Ring Binders"
2020-07-14,-0.036234397049345723,-0.5736316646138947,0.47924317749000006,OFF-BI-10000962,"Acco Flexible ACCOHIDE Square Ring Data Binder, Dark Blue, 11 1/2"" X 14"" 7/8"""
2020-07-21,-0.028942718207116247,-0.5202833324770809,0.5103192437993008,OFF-BI-10000962,"Acco Flexible ACCOHIDE Square Ring Data Binder, Dark Blue, 11 1/2"" X 14"" 7/8"""
2020-07-28,-0.03839903688894086,-0.5968325680586913,0.44528747957993076,OFF-BI-10000962,"Acco Flexible ACCOHIDE Square Ring Data Binder, Dark Blue, 11 1/2"" X 14"" 7/8"""
2020-08-02,1.328912851506089,0.7937470109803662,1.8313696225147638,OFF-BI-10000962,"Acco Flexible ACCOHIDE Square Ring Data Binder, Dark Blue, 11 1/2"" X 14"" 7/8"""
2020-08-09,1.3222976085688025,0.7937649159405659,1.852271882385115,OFF-BI-10000962,"Acco Flexible ACCOHIDE Square Ring Data Binder, Dark Blue, 11 1/2"" X 14"" 7/8"""
2020-07-14,0.08984779718747804,-0.3433382384674977,0.4998802888991795,TEC-PH-10001817,Wilson Electronics DB Pro Signal Booster
2020-07-21,0.09859547745531927,-0.3061906824091511,0.5241532846073922,TEC-PH-10001817,Wilson Electronics DB Pro Signal Booster
2020-07-28,0.06378416456582325,-0.36808995589313026,0.4658294614855393,TEC-PH-10001817,Wilson Electronics DB Pro Signal Booster
2020-08-02,1.2273653536565607,0.7982887460285968,1.6613564601226656,TEC-PH-10001817,Wilson Electronics DB Pro Signal Booster
2020-08-09,1.212492579544342,0.7679697691682095,1.62049497731135,TEC-PH-10001817,Wilson Electronics DB Pro Signal Booster
2020-07-14,0.007030492190259974,-0.38145710182749515,0.4095525622317129,OFF-BI-10002852,Ibico Standard Transparent Covers
2020-07-21,0.003391098908213319,-0.3697710662888039,0.38481235792212687,OFF-BI-10002852,Ibico Standard Transparent Covers
2020-07-28,0.01071907200313671,-0.37252280867659987,0.38365334606508705,OFF-BI-10002852,Ibico Standard Transparent Covers
2020-08-02,5.004966938705586,4.635426827332063,5.382075642460331,OFF-BI-10002852,Ibico Standard Transparent Covers
2020-08-09,5.017338365384344,4.654244745226934,5.411743571037828,OFF-BI-10002852,Ibico Standard Transparent Covers
2020-07-21,0.04429820521564265,-0.15633995770133557,0.2628451514106341,OFF-ST-10001522,"Gould Plastics 18-Pocket Panel Bin, 34w x 5-1/4d x 20-1/2h"
2020-07-22,3.468122927859549,3.253336858719851,3.6685332396956323,OFF-ST-10001522,"Gould Plastics 18-Pocket Panel Bin, 34w x 5-1/4d x 20-1/2h"
2020-07-28,0.04288446336008089,-0.1583625666767688,0.24476856695336616,OFF-ST-10001522,"Gould Plastics 18-Pocket Panel Bin, 34w x 5-1/4d x 20-1/2h"
2020-08-02,0.9971010754837754,0.7906386071134797,1.2034211359696618,OFF-ST-10001522,"Gould Plastics 18-Pocket Panel Bin, 34w x 5-1/4d x 20-1/2h"
2020-08-09,0.9811283481622428,0.7622530471138262,1.191947616951532,OFF-ST-10001522,"Gould Plastics 18-Pocket Panel Bin, 34w x 5-1/4d x 20-1/2h"
2020-07-14,-0.01831327540290717,-0.5762568968776773,0.5241896403357048,OFF-ST-10002574,"SAFCO Commercial Wire Shelving, Black"
2020-07-21,-0.03985174063210395,-0.598973239827581,0.581237537721658,OFF-ST-10002574,"SAFCO Commercial Wire Shelving, Black"
2020-07-28,-0.04749119600351892,-0.606735507272552,0.4881596705813321,OFF-ST-10002574,"SAFCO Commercial Wire Shelving, Black"
2020-08-02,0.9170132572495979,0.3602303923770601,1.4607534428673388,OFF-ST-10002574,"SAFCO Commercial Wire Shelving, Black"
2020-08-09,0.9247762657673284,0.4026044065261947,1.4930854816280887,OFF-ST-10002574,"SAFCO Commercial Wire Shelving, Black"
2020-07-14,-0.05651739208467221,-0.7366552637445253,0.6144005163269065,OFF-AP-10001205,Belkin 5 Outlet SurgeMaster Power Centers
2020-07-21,0.0059069972043435115,-0.6664338614388219,0.697698669656262,OFF-AP-10001205,Belkin 5 Outlet SurgeMaster Power Centers
2020-07-28,0.14381688216268396,-0.5585701765524879,0.8240862972769376,OFF-AP-10001205,Belkin 5 Outlet SurgeMaster Power Centers
2020-08-02,1.7259314335301206,1.0279749772464437,2.4188172054810977,OFF-AP-10001205,Belkin 5 Outlet SurgeMaster Power Centers
2020-08-09,1.7940517143148047,1.0802637697926432,2.445928319612356,OFF-AP-10001205,Belkin 5 Outlet SurgeMaster Power Centers
2020-07-14,-0.20227850118380575,-0.605222463378849,0.1824409430887068,OFF-BI-10003910,DXL Angle-View Binders with Locking Rings by Samsill
2020-07-21,-0.2225320604470027,-0.6505969556203973,0.18827611790477614,OFF-BI-10003910,DXL Angle-View Binders with Locking Rings by Samsill
2020-07-28,-0.16763019506760513,-0.5788972253836461,0.2455938991321672,OFF-BI-10003910,DXL Angle-View Binders with Locking Rings by Samsill
2020-08-02,1.1760966673283597,0.7737927279043391,1.6106198096079072,OFF-BI-10003910,DXL Angle-View Binders with Locking Rings by Samsill
2020-08-09,1.2531802303059598,0.8645573226023899,1.646235387326672,OFF-BI-10003910,DXL Angle-View Binders with Locking Rings by Samsill
2020-07-14,0.38594959290933417,-0.37633051314828986,1.1669748521243177,FUR-CH-10000988,Hon Olson Stacker Stools
2020-07-21,0.19635602608032388,-0.6071984956875563,1.0302485453061134,FUR-CH-10000988,Hon Olson Stacker Stools
2020-07-28,0.00391213981608729,-0.8062813861166213,0.8251002647774951,FUR-CH-10000988,Hon Olson Stacker Stools
2020-08-02,1.6817278231940882,0.9025960210643317,2.464652889880579,FUR-CH-10000988,Hon Olson Stacker Stools
2020-08-09,1.6852305260354494,0.8708201324582061,2.5195113430022618,FUR-CH-10000988,Hon Olson Stacker Stools
2020-07-14,-0.03314160756719309,-0.48237946923423863,0.43130393154494495,OFF-BI-10001249,Avery Heavy-Duty EZD View Binder with Locking Rings
2020-07-21,0.0012606928464182765,-0.4525947148690647,0.5111078424563131,OFF-BI-10001249,Avery Heavy-Duty EZD View Binder with Locking Rings
2020-07-28,0.004974746292069732,-0.4609100082863396,0.46346681744590884,OFF-BI-10001249,Avery Heavy-Duty EZD View Binder with Locking Rings
2020-08-02,1.2990605461222953,0.7896626313520261,1.7630848930461434,OFF-BI-10001249,Avery Heavy-Duty EZD View Binder with Locking Rings
2020-08-09,1.2731734156156553,0.8005705346307561,1.748981250207346,OFF-BI-10001249,Avery Heavy-Duty EZD View Binder with Locking Rings
2020-07-14,0.05902846044555421,-0.2930034741587198,0.4078478786810949,TEC-PH-10003012,Nortel Meridian M3904 Professional Digital phone
2020-07-21,0.08473583034695764,-0.2742194720288268,0.4339539166312556,TEC-PH-10003012,Nortel Meridian M3904 Professional Digital phone
2020-07-28,0.03904854974276262,-0.3282853818427492,0.38552080779469156,TEC-PH-10003012,Nortel Meridian M3904 Professional Digital phone
2020-08-02,1.1274669473090522,0.8008350370296159,1.4928419837585065,TEC-PH-10003012,Nortel Meridian M3904 Professional Digital phone
2020-08-09,1.127358034269904,0.765450025471702,1.473376655967587,TEC-PH-10003012,Nortel Meridian M3904 Professional Digital phone
2020-07-14,0.04894843470820476,-0.38378464235261084,0.4680443542216167,OFF-ST-10004804,"Belkin 19"" Vented Equipment Shelf, Black"
2020-07-21,-0.006256414348214001,-0.4418713497263643,0.4182572362888216,OFF-ST-10004804,"Belkin 19"" Vented Equipment Shelf, Black"
2020-07-28,-0.05472978909691362,-0.4993418490936925,0.3401609211895611,OFF-ST-10004804,"Belkin 19"" Vented Equipment Shelf, Black"
2020-08-02,1.044899616267682,0.6157602662423214,1.4750743405712916,OFF-ST-10004804,"Belkin 19"" Vented Equipment Shelf, Black"
2020-08-09,1.025212354977556,0.573305095746158,1.4613086747211201,OFF-ST-10004804,"Belkin 19"" Vented Equipment Shelf, Black"
2020-07-14,0.19238743295751082,-0.5334976738893031,0.9279659151078291,OFF-BI-10000050,"Angle-D Binders with Locking Rings, Label Holders"
2020-07-21,0.09320470201711117,-0.6930358553192997,0.896123081699766,OFF-BI-10000050,"Angle-D Binders with Locking Rings, Label Holders"
2020-07-28,0.058274572451482154,-0.7024165092235124,0.8449322682099303,OFF-BI-10000050,"Angle-D Binders with Locking Rings, Label Holders"
2020-08-02,1.2032871143543058,0.43124799756302584,1.9793867922865598,OFF-BI-10000050,"Angle-D Binders with Locking Rings, Label Holders"
2020-08-09,1.2498205561779954,0.47623632482258266,1.9320166927682443,OFF-BI-10000050,"Angle-D Binders with Locking Rings, Label Holders"
2020-07-14,0.007256885679973291,-0.44814700055769974,0.4956903324961528,FUR-FU-10000010,"DAX Value U-Channel Document Frames, Easel Back"
2020-07-21,0.04583903776157916,-0.4591841333602747,0.5379694851938335,FUR-FU-10000010,"DAX Value U-Channel Document Frames, Easel Back"
2020-07-28,0.06195660894595445,-0.3999036796754057,0.5518718735980935,FUR-FU-10000010,"DAX Value U-Channel Document Frames, Easel Back"
2020-08-02,1.0712963451542115,0.584651081667963,1.5391469532739797,FUR-FU-10000010,"DAX Value U-Channel Document Frames, Easel Back"
2020-08-09,1.0754955979145555,0.565033776544973,1.5512114356497095,FUR-FU-10000010,"DAX Value U-Channel Document Frames, Easel Back"
2020-07-14,-0.08921269665335663,-0.9926808250403504,0.8405032492326692,OFF-ST-10001496,Standard Rollaway File with Lock
2020-07-21,-0.06819072312117247,-1.016269982455605,0.8460470959119146,OFF-ST-10001496,Standard Rollaway File with Lock
2020-07-28,0.04363151427432732,-0.9163550827553819,0.9985055739040916,OFF-ST-10001496,Standard Rollaway File with Lock
2020-08-02,0.969293837040575,0.076639886998577,1.9261364116726671,OFF-ST-10001496,Standard Rollaway File with Lock
2020-08-09,0.9762391638616581,0.033700961517783144,1.8898941657355248,OFF-ST-10001496,Standard Rollaway File with Lock
2020-07-20,2.0066725068370723,1.5422597046648532,2.469038414832143,OFF-ST-10004340,"Fellowes Mobile File Cart, Black"
2020-07-21,0.03772425440658367,-0.39402151003401015,0.45076334682465874,OFF-ST-10004340,"Fellowes Mobile File Cart, Black"
2020-07-28,0.06421212653465602,-0.41963905759873515,0.5314417493161055,OFF-ST-10004340,"Fellowes Mobile File Cart, Black"
2020-08-02,1.519091053872217,1.0706290768839135,1.9764972178413078,OFF-ST-10004340,"Fellowes Mobile File Cart, Black"
2020-08-09,1.4560178386886482,1.0115185304647472,1.881580391939528,OFF-ST-10004340,"Fellowes Mobile File Cart, Black"
